Director,Runtime (Minutes),Action,Adventure,Aniimation,Biography,Comedy,Crime,Drama,Family,Fantasy,History,Horror,Music,Musical,Mystery,Romance,Sci-Fi,Sport,Thriller,War,Western,actor1,actor2,actor3,Success
James Gunn,121,1,1,0,0,0,0,0,0,0,0,0,0,0,0,0,1,0,0,0,0,Chris Pratt, Vin Diesel, Bradley Cooper,1
Ridley Scott,124,0,1,0,0,0,0,0,0,0,0,0,0,0,1,0,1,0,0,0,0,Noomi Rapace, Logan Marshall-Green, Michael Fassbender,1
M. Night Shyamalan,117,0,0,0,0,0,0,0,0,0,0,1,0,0,0,0,0,0,1,0,0,James McAvoy, Anya Taylor-Joy, Haley Lu Richardson,0
Christophe Lourdelet,108,0,0,1,0,1,0,0,1,0,0,0,0,0,0,0,0,0,0,0,0,Matthew McConaughey,Reese Witherspoon, Seth MacFarlane,0
David Ayer,123,1,1,0,0,0,0,0,0,1,0,0,0,0,0,0,0,0,0,0,0,Will Smith, Jared Leto, Margot Robbie,0
Yimou Zhang,103,1,1,0,0,0,0,0,0,1,0,0,0,0,0,0,0,0,0,0,0,Matt Damon, Tian Jing, Willem Dafoe,0
Damien Chazelle,128,0,0,0,0,1,0,1,0,0,0,0,1,0,0,0,0,0,0,0,0,Ryan Gosling, Emma Stone, Rosemarie DeWitt,1
James Gray,141,1,1,0,1,0,0,0,0,0,0,0,0,0,0,0,0,0,0,0,0,Charlie Hunnam, Robert Pattinson, Sienna Miller,0
Morten Tyldum,116,0,1,0,0,0,0,1,0,0,0,0,0,0,0,1,0,0,0,0,0,Jennifer Lawrence, Chris Pratt, Michael Sheen,0
David Yates,133,0,1,0,0,0,0,0,1,1,0,0,0,0,0,0,0,0,0,0,0,Eddie Redmayne, Katherine Waterston, Alison Sudol,1
Theodore Melfi,127,0,0,0,1,0,0,1,0,0,1,0,0,0,0,0,0,0,0,0,0,Taraji P. Henson, Octavia Spencer, Janelle Monáe,0
Gareth Edwards,133,1,1,0,0,0,0,0,0,0,0,0,0,0,0,0,1,0,0,0,0,Felicity Jones, Diego Luna, Alan Tudyk,1
Ron Clements,107,0,1,1,0,1,0,0,0,0,0,0,0,0,0,0,0,0,0,0,0,Auli'i Cravalho, Dwayne Johnson, Rachel House,0
Nacho Vigalondo,109,1,0,0,0,1,0,1,0,0,0,0,0,0,0,0,0,0,0,0,0,Anne Hathaway, Jason Sudeikis, Austin Stowell,0
Chris Renaud,87,0,1,1,0,1,0,0,0,0,0,0,0,0,0,0,0,0,0,0,0,Louis C.K., Eric Stonestreet, Kevin Hart,0
Mel Gibson,139,0,0,0,1,0,0,1,0,0,1,0,0,0,0,0,0,0,0,0,0,Andrew Garfield, Sam Worthington, Luke Bracey,0
Paul Greengrass,123,1,0,0,0,0,0,0,0,0,0,0,0,0,0,0,0,0,1,0,0,Matt Damon, Tommy Lee Jones, Alicia Vikander,0
Garth Davis,118,0,0,0,1,0,0,1,0,0,0,0,0,0,0,0,0,0,0,0,0,Dev Patel, Nicole Kidman, Rooney Mara,0
Denis Villeneuve,116,0,0,0,0,0,0,1,0,0,0,0,0,0,1,0,1,0,0,0,0,Amy Adams, Jeremy Renner, Forest Whitaker,1
Stephen Gaghan,120,0,1,0,0,0,0,1,0,0,0,0,0,0,0,0,0,0,1,0,0,Matthew McConaughey, Edgar Ramírez, Bryce Dallas Howard,0
Kenneth Lonergan,137,0,0,0,0,0,0,1,0,0,0,0,0,0,0,0,0,0,0,0,0,Casey Affleck, Michelle Williams, Kyle Chandler,0
Walt Dohrn,92,0,1,1,0,1,0,0,0,0,0,0,0,0,0,0,0,0,0,0,0,Anna Kendrick, Justin Timberlake,Zooey Deschanel,0
Roland Emmerich,120,1,1,0,0,0,0,0,0,0,0,0,0,0,0,0,1,0,0,0,0,Liam Hemsworth, Jeff Goldblum, Bill Pullman,0
Jon Lucas,100,0,0,0,0,1,0,0,0,0,0,0,0,0,0,0,0,0,0,0,0,Mila Kunis, Kathryn Hahn, Kristen Bell,0
Justin Kurzel,115,1,1,0,0,0,0,1,0,0,0,0,0,0,0,0,0,0,0,0,0,Michael Fassbender, Marion Cotillard, Jeremy Irons,0
John Hamburg,111,0,0,0,0,1,0,0,0,0,0,0,0,0,0,0,0,0,0,0,0,Zoey Deutch, James Franco, Tangie Ambrose,0
Tom Ford,116,0,0,0,0,0,0,1,0,0,0,0,0,0,0,0,0,0,1,0,0,Amy Adams, Jake Gyllenhaal, Michael Shannon,0
Bryan Singer,144,1,1,0,0,0,0,0,0,0,0,0,0,0,0,0,1,0,0,0,0,James McAvoy, Michael Fassbender, Jennifer Lawrence,1
Tim Miller,108,1,1,0,0,1,0,0,0,0,0,0,0,0,0,0,0,0,0,0,0,Ryan Reynolds, Morena Baccarin, T.J. Miller,1
Paul W.S. Anderson,107,1,0,0,0,0,0,0,0,0,0,1,0,0,0,0,1,0,0,0,0,Milla Jovovich, Iain Glen, Ali Larter,0
Anthony Russo,147,1,1,0,0,0,0,0,0,0,0,0,0,0,0,0,1,0,0,0,0,Chris Evans, Robert Downey Jr.,Scarlett Johansson,1
Christopher Nolan,169,0,1,0,0,0,0,1,0,0,0,0,0,0,0,0,1,0,0,0,0,Matthew McConaughey, Anne Hathaway, Jessica Chastain,1
Scott Derrickson,115,1,1,0,0,0,0,0,0,1,0,0,0,0,0,0,0,0,0,0,0,Benedict Cumberbatch, Chiwetel Ejiofor, Rachel McAdams,1
Antoine Fuqua,132,1,1,0,0,0,0,0,0,0,0,0,0,0,0,0,0,0,0,0,1,Denzel Washington, Chris Pratt, Ethan Hawke,0
Greg Tiernan,89,0,1,1,0,1,0,0,0,0,0,0,0,0,0,0,0,0,0,0,0,Seth Rogen, Kristen Wiig, Jonah Hill,0
Barry Jenkins,111,0,0,0,0,0,0,1,0,0,0,0,0,0,0,0,0,0,0,0,0,Mahershala Ali, Shariff Earp, Duan Sanderson,0
John Lee Hancock,115,0,0,0,1,0,0,1,0,0,1,0,0,0,0,0,0,0,0,0,0,Michael Keaton, Nick Offerman, John Carroll Lynch,0
Ricardo de Montreuil,99,0,0,0,0,0,0,1,0,0,0,0,0,0,0,0,0,0,0,0,0,Gabriel Chavarria, Demián Bichir, Theo Rossi,0
Rob Marshall,136,1,1,0,0,0,0,0,0,1,0,0,0,0,0,0,0,0,0,0,0,Johnny Depp, Penélope Cruz, Ian McShane,0
John Madden,132,0,0,0,0,0,0,1,0,0,0,0,0,0,0,0,0,0,1,0,0,Jessica Chastain, Mark Strong, Gugu Mbatha-Raw,0
Justin Lin,122,1,1,0,0,0,0,0,0,0,0,0,0,0,0,0,1,0,0,0,0,Chris Pine, Zachary Quinto, Karl Urban,0
J.J. Abrams,136,1,1,0,0,0,0,0,0,1,0,0,0,0,0,0,0,0,0,0,0,Daisy Ridley, John Boyega, Oscar Isaac,1
Anna Foerster,91,1,1,0,0,0,0,0,0,1,0,0,0,0,0,0,0,0,0,0,0,Kate Beckinsale, Theo James, Tobias Menzies,0
Garry Marshall,118,0,0,0,0,1,0,1,0,0,0,0,0,0,0,0,0,0,0,0,0,Jennifer Aniston, Kate Hudson, Julia Roberts,0
Chad Stahelski,101,1,0,0,0,0,1,0,0,0,0,0,0,0,0,0,0,0,1,0,0,Keanu Reeves, Michael Nyqvist, Alfie Allen,0
Christopher Nolan,152,1,0,0,0,0,1,1,0,0,0,0,0,0,0,0,0,0,0,0,0,Christian Bale, Heath Ledger, Aaron Eckhart,1
Martin Scorsese,161,0,1,0,0,0,0,1,0,0,1,0,0,0,0,0,0,0,0,0,0,Andrew Garfield, Adam Driver, Liam Neeson,0
Fede Alvarez,88,0,0,0,0,0,1,0,0,0,0,1,0,0,0,0,0,0,1,0,0,Stephen Lang, Jane Levy, Dylan Minnette,0
Thea Sharrock,106,0,0,0,0,0,0,1,0,0,0,0,0,0,0,1,0,0,0,0,0,Emilia Clarke, Sam Claflin, Janet McTeer,0
Lone Scherfig,117,0,0,0,0,1,0,1,0,0,0,0,0,0,0,1,0,0,0,0,0,Gemma Arterton, Sam Claflin, Bill Nighy,0
Clint Eastwood,96,0,0,0,1,0,0,1,0,0,0,0,0,0,0,0,0,0,0,0,0,Tom Hanks, Aaron Eckhart, Laura Linney,0
Zack Snyder,151,1,1,0,0,0,0,0,0,0,0,0,0,0,0,0,1,0,0,0,0,Ben Affleck, Henry Cavill, Amy Adams,0
Tate Taylor,112,0,0,0,0,0,1,1,0,0,0,0,0,0,1,0,0,0,0,0,0,Emily Blunt, Haley Bennett, Rebecca Ferguson,0
Sam Taylor-Johnson,125,0,0,0,0,0,0,1,0,0,0,0,0,0,0,1,0,0,1,0,0,Dakota Johnson, Jamie Dornan, Jennifer Ehle,0
Christopher Nolan,130,0,0,0,0,0,0,1,0,0,0,0,0,0,1,0,1,0,0,0,0,Christian Bale, Hugh Jackman, Scarlett Johansson,0
Matthew Vaughn,129,1,1,0,0,1,0,0,0,0,0,0,0,0,0,0,0,0,0,0,0,Colin Firth, Taron Egerton, Samuel L. Jackson,1
Peter Berg,133,0,0,0,0,0,0,1,0,0,1,0,0,0,0,0,0,0,1,0,0,Mark Wahlberg, Michelle Monaghan, J.K. Simmons,0
George Miller,120,1,1,0,0,0,0,0,0,0,0,0,0,0,0,0,1,0,0,0,0,Tom Hardy, Charlize Theron, Nicholas Hoult,1
Robin Swicord,106,0,0,0,0,0,0,1,0,0,0,0,0,0,0,0,0,0,0,0,0,Bryan Cranston, Jennifer Garner, Beverly D'Angelo,0
Peter Berg,107,1,0,0,0,0,0,1,0,0,0,0,0,0,0,0,0,0,1,0,0,Mark Wahlberg, Kurt Russell, Douglas M. Griffin,0
Robert Zemeckis,124,1,0,0,0,0,0,1,0,0,0,0,0,0,0,1,0,0,0,0,0,Brad Pitt, Marion Cotillard, Jared Harris,0
J.A. Bayona,108,0,0,0,0,0,0,1,0,1,0,0,0,0,0,0,0,0,0,0,0,Lewis MacDougall, Sigourney Weaver, Felicity Jones,0
David Frankel,97,0,0,0,0,0,0,1,0,0,0,0,0,0,0,1,0,0,0,0,0,Will Smith, Edward Norton, Kate Winslet,0
Byron Howard,108,0,1,1,0,1,0,0,0,0,0,0,0,0,0,0,0,0,0,0,0,Ginnifer Goodwin, Jason Bateman, Idris Elba,1
Gore Verbinski,169,1,1,0,0,0,0,0,0,1,0,0,0,0,0,0,0,0,0,0,0,Johnny Depp, Orlando Bloom, Keira Knightley,1
Joss Whedon,143,1,0,0,0,0,0,0,0,0,0,0,0,0,0,0,1,0,0,0,0,Robert Downey Jr., Chris Evans, Scarlett Johansson,1
Quentin Tarantino,153,0,1,0,0,0,0,1,0,0,0,0,0,0,0,0,0,0,0,1,0,Brad Pitt, Diane Kruger, Eli Roth,1
Gore Verbinski,151,1,1,0,0,0,0,0,0,1,0,0,0,0,0,0,0,0,0,0,0,Johnny Depp, Orlando Bloom, Keira Knightley,1
Paul Feig,116,1,0,0,0,1,0,0,0,1,0,0,0,0,0,0,0,0,0,0,0,Melissa McCarthy, Kristen Wiig, Kate McKinnon,0
Christopher Nolan,148,1,1,0,0,0,0,0,0,0,0,0,0,0,0,0,1,0,0,0,0,Leonardo DiCaprio, Joseph Gordon-Levitt, Ellen Page,1
Matt Ross,118,0,0,0,0,1,0,1,0,0,0,0,0,0,0,0,0,0,0,0,0,Viggo Mortensen, George MacKay, Samantha Isler,0
Martin Scorsese,180,0,0,0,1,1,1,0,0,0,0,0,0,0,0,0,0,0,0,0,0,Leonardo DiCaprio, Jonah Hill, Margot Robbie,1
David Fincher,149,0,0,0,0,0,1,1,0,0,0,0,0,0,1,0,0,0,0,0,0,Ben Affleck, Rosamund Pike, Neil Patrick Harris,1
James Wan,137,1,0,0,0,0,1,0,0,0,0,0,0,0,0,0,0,0,1,0,0,Vin Diesel, Paul Walker, Dwayne Johnson,1
Colin Trevorrow,124,1,1,0,0,0,0,0,0,0,0,0,0,0,0,0,1,0,0,0,0,Chris Pratt, Bryce Dallas Howard, Ty Simpkins,1
Ben Affleck,129,0,0,0,0,0,1,1,0,0,0,0,0,0,0,0,0,0,0,0,0,Ben Affleck, Elle Fanning, Brendan Gleeson,0
James Cameron,162,1,1,0,0,0,0,0,0,1,0,0,0,0,0,0,0,0,0,0,0,Sam Worthington, Zoe Saldana, Sigourney Weaver,1
Quentin Tarantino,187,0,0,0,0,0,1,1,0,0,0,0,0,0,1,0,0,0,0,0,0,Samuel L. Jackson, Kurt Russell, Jennifer Jason Leigh,0
Gavin O'Connor,128,1,0,0,0,0,1,1,0,0,0,0,0,0,0,0,0,0,0,0,0,Ben Affleck, Anna Kendrick, J.K. Simmons,0
Denis Villeneuve,153,0,0,0,0,0,1,1,0,0,0,0,0,0,1,0,0,0,0,0,0,Hugh Jackman, Jake Gyllenhaal, Viola Davis,0
Duncan Jones,123,1,1,0,0,0,0,0,0,1,0,0,0,0,0,0,0,0,0,0,0,Travis Fimmel, Paula Patton, Ben Foster,0
Tate Taylor,146,0,0,0,0,0,0,1,0,0,0,0,0,0,0,0,0,0,0,0,0,Emma Stone, Viola Davis, Octavia Spencer,1
Todd Phillips,114,0,0,0,0,1,1,1,0,0,0,0,0,0,0,0,0,0,0,0,0,Jonah Hill, Miles Teller, Steve Lantz,0
Joss Whedon,141,1,1,0,0,0,0,0,0,0,0,0,0,0,0,0,1,0,0,0,0,Robert Downey Jr., Chris Evans, Mark Ruffalo,1
Shane Black,116,1,0,0,0,1,1,0,0,0,0,0,0,0,0,0,0,0,0,0,0,Russell Crowe, Ryan Gosling, Angourie Rice,0
Makoto Shinkai,106,0,0,1,0,0,0,1,0,1,0,0,0,0,0,0,0,0,0,0,0,Ryûnosuke Kamiki, Mone Kamishiraishi, Ryô Narita,0
Jeremy Gillespie,90,0,0,0,0,0,0,0,0,0,0,1,0,0,1,0,1,0,0,0,0,Aaron Poole, Kenneth Welsh,Daniel Fathers,0
Olivier Assayas,105,0,0,0,0,0,0,1,0,0,0,0,0,0,1,0,0,0,1,0,0,Kristen Stewart, Lars Eidinger, Sigrid Bouaziz,0
Martin Scorsese,151,0,0,0,0,0,1,1,0,0,0,0,0,0,0,0,0,0,1,0,0,Leonardo DiCaprio, Matt Damon, Jack Nicholson,1
Brian Helgeland,132,0,0,0,1,0,1,1,0,0,0,0,0,0,0,0,0,0,0,0,0,Tom Hardy, Emily Browning, Taron Egerton,0
Kenneth Branagh,115,1,1,0,0,0,0,0,0,1,0,0,0,0,0,0,0,0,0,0,0,Chris Hemsworth, Anthony Hopkins, Natalie Portman,1
Ridley Scott,144,0,1,0,0,0,0,1,0,0,0,0,0,0,0,0,1,0,0,0,0,Matt Damon, Jessica Chastain, Kristen Wiig,1
Guy Ritchie,116,1,1,0,0,1,0,0,0,0,0,0,0,0,0,0,0,0,0,0,0,Henry Cavill, Armie Hammer, Alicia Vikander,0
David Mackenzie,102,0,0,0,0,0,1,1,0,0,0,0,0,0,0,0,0,0,1,0,0,Chris Pine, Ben Foster, Jeff Bridges,0
Taylor Hackford,120,0,0,0,0,1,0,0,0,0,0,0,0,0,0,0,0,0,0,0,0,Robert De Niro, Leslie Mann, Danny DeVito,0
David Yates,110,1,1,0,0,0,0,1,0,0,0,0,0,0,0,0,0,0,0,0,0,Alexander Skarsgård, Rory J. Saper, Christian Stevens,0
Alex Garland,108,0,0,0,0,0,0,1,0,0,0,0,0,0,1,0,1,0,0,0,0,Alicia Vikander, Domhnall Gleeson, Oscar Isaac,0
Greg McLean,89,1,0,0,0,0,0,0,0,0,0,1,0,0,0,0,0,0,1,0,0,John Gallagher Jr., Tony Goldwyn, Adria Arjona,0
Steve McQueen,134,0,0,0,1,0,0,1,0,0,1,0,0,0,0,0,0,0,0,0,0,Chiwetel Ejiofor, Michael Kenneth Williams, Michael Fassbender,0
Zack Snyder,117,1,0,0,0,0,0,0,0,1,0,0,0,0,0,0,0,0,0,1,0,Gerard Butler, Lena Headey, David Wenham,1
David Yates,130,0,1,0,0,0,0,1,0,1,0,0,0,0,0,0,0,0,0,0,0,Daniel Radcliffe, Emma Watson, Rupert Grint,1
Josh Gordon,105,0,0,0,0,1,0,0,0,0,0,0,0,0,0,0,0,0,0,0,0,Jason Bateman, Olivia Munn, T.J. Miller,0
Nicolas Winding Refn,118,0,0,0,0,0,0,0,0,0,0,1,0,0,0,0,0,0,1,0,0,Elle Fanning, Christina Hendricks, Keanu Reeves,0
Dan Trachtenberg,104,0,0,0,0,0,0,1,0,0,0,1,0,0,1,0,0,0,0,0,0,John Goodman, Mary Elizabeth Winstead, John Gallagher Jr.,0
Andrew Stanton,97,0,1,1,0,1,0,0,0,0,0,0,0,0,0,0,0,0,0,0,0,Ellen DeGeneres, Albert Brooks,Ed O'Neill,0
Tim Burton,127,0,1,0,0,0,0,1,1,0,0,0,0,0,0,0,0,0,0,0,0,Eva Green, Asa Butterfield, Samuel L. Jackson,0
Neil Burger,139,0,1,0,0,0,0,0,0,0,0,0,0,0,1,0,1,0,0,0,0,Shailene Woodley, Theo James, Kate Winslet,0
Jake Szymanski,98,0,1,0,0,1,0,0,0,0,0,0,0,0,0,1,0,0,0,0,0,Zac Efron, Adam Devine, Anna Kendrick,0
Christopher Nolan,164,1,0,0,0,0,0,0,0,0,0,0,0,0,0,0,0,0,1,0,0,Christian Bale, Tom Hardy, Anne Hathaway,1
Jon Favreau,106,0,1,0,0,0,0,1,1,0,0,0,0,0,0,0,0,0,0,0,0,Neel Sethi, Bill Murray, Ben Kingsley,1
Michael Bay,165,1,1,0,0,0,0,0,0,0,0,0,0,0,0,0,1,0,0,0,0,Mark Wahlberg, Nicola Peltz, Jack Reynor,0
Henry Joost,96,0,1,0,0,0,1,0,0,0,0,0,0,0,1,0,0,0,0,0,0,Emma Roberts, Dave Franco, Emily Meade,0
Phyllida Lloyd,108,0,0,0,0,1,0,0,1,0,0,0,1,1,0,0,0,0,0,0,0,Meryl Streep, Pierce Brosnan, Amanda Seyfried,0
Alejandro González Iñárritu,156,0,1,0,0,0,0,1,0,0,0,0,0,0,0,0,0,0,1,0,0,Leonardo DiCaprio, Tom Hardy, Will Poulter,1
Denzel Washington,139,0,0,0,0,0,0,1,0,0,0,0,0,0,0,0,0,0,0,0,0,Denzel Washington, Viola Davis, Stephen Henderson,0
Rob Marshall,125,0,1,0,0,1,0,1,0,0,0,0,0,0,0,0,0,0,0,0,0,Anna Kendrick, Meryl Streep, Chris Pine,0
Jaume Collet-Serra,86,0,0,0,0,0,0,1,0,0,0,1,0,0,0,0,0,0,1,0,0,Blake Lively, Óscar Jaenada, Angelo Josue Lozano Corzo,0
Damien Chazelle,107,0,0,0,0,0,0,1,0,0,0,0,1,0,0,0,0,0,0,0,0,Miles Teller, J.K. Simmons, Melissa Benoist,0
Justin Lin,130,1,0,0,0,0,1,0,0,0,0,0,0,0,0,0,0,0,1,0,0,Vin Diesel, Paul Walker, Dwayne Johnson,1
Derek Cianfrance,140,0,0,0,0,0,1,1,0,0,0,0,0,0,0,0,0,0,1,0,0,Ryan Gosling, Bradley Cooper, Eva Mendes,0
Ethan Coen,122,0,0,0,0,0,1,1,0,0,0,0,0,0,0,0,0,0,1,0,0,Tommy Lee Jones, Javier Bardem, Josh Brolin,0
Baz Luhrmann,143,0,0,0,0,0,0,1,0,0,0,0,0,0,0,1,0,0,0,0,0,Leonardo DiCaprio, Carey Mulligan, Joel Edgerton,1
Martin Scorsese,138,0,0,0,0,0,0,0,0,0,0,0,0,0,1,0,0,0,1,0,0,Leonardo DiCaprio, Emily Mortimer, Mark Ruffalo,1
J.J. Abrams,127,1,1,0,0,0,0,0,0,0,0,0,0,0,0,0,1,0,0,0,0,Chris Pine, Zachary Quinto, Simon Pegg,1
Thor Freudenthal,94,0,0,0,0,1,0,0,1,0,0,0,0,0,0,0,0,0,0,0,0,Zachary Gordon, Robert Capron, Rachael Harris,0
Adam McKay,130,0,0,0,1,1,0,1,0,0,0,0,0,0,0,0,0,0,0,0,0,Christian Bale, Steve Carell, Ryan Gosling,0
Lenny Abrahamson,118,0,0,0,0,0,0,1,0,0,0,0,0,0,0,0,0,0,0,0,0,Brie Larson, Jacob Tremblay, Sean Bridgers,0
Quentin Tarantino,165,0,0,0,0,0,0,1,0,0,0,0,0,0,0,0,0,0,0,0,1,Jamie Foxx, Christoph Waltz, Leonardo DiCaprio,1
Chan-wook Park,144,0,0,0,0,0,0,1,0,0,0,0,0,0,1,1,0,0,0,0,0,Min-hee Kim, Jung-woo Ha, Jin-woong Jo,0
Kelly Fremon Craig,104,0,0,0,0,1,0,1,0,0,0,0,0,0,0,0,0,0,0,0,0,Hailee Steinfeld, Haley Lu Richardson, Blake Jenner,0
Zack Snyder,162,1,0,0,0,0,0,1,0,0,0,0,0,0,1,0,0,0,0,0,0,Jackie Earle Haley, Patrick Wilson, Carla Gugino,1
Greg Mottola,113,0,0,0,0,1,0,0,0,0,0,0,0,0,0,0,0,0,0,0,0,Michael Cera, Jonah Hill, Christopher Mintz-Plasse,1
Ron Howard,121,1,1,0,0,0,1,0,0,0,0,0,0,0,0,0,0,0,0,0,0,Tom Hanks, Felicity Jones, Irrfan Khan,0
Steven Spielberg,117,0,1,0,0,0,0,0,1,1,0,0,0,0,0,0,0,0,0,0,0,Mark Rylance, Ruby Barnhill, Penelope Wilton,0
Gary Ross,142,0,1,0,0,0,0,0,0,0,0,0,0,0,0,0,1,0,1,0,0,Jennifer Lawrence, Josh Hutcherson, Liam Hemsworth,1
Elizabeth Wood,88,0,0,0,0,0,0,1,0,0,0,0,0,0,0,0,0,0,0,0,0,Morgan Saylor, Brian Marc, Justin Bartha,0
Denis Villeneuve,121,1,0,0,0,0,1,1,0,0,0,0,0,0,0,0,0,0,0,0,0,Emily Blunt, Josh Brolin, Benicio Del Toro,0
Colin Strause,94,1,0,0,0,0,0,0,0,0,0,1,0,0,0,0,1,0,0,0,0,Reiko Aylesworth, Steven Pasquale,Shareeka Epps,0
Guillermo del Toro,131,1,1,0,0,0,0,0,0,0,0,0,0,0,0,0,1,0,0,0,0,Idris Elba, Charlie Hunnam, Rinko Kikuchi,1
Glenn Ficarra,118,0,0,0,0,1,0,1,0,0,0,0,0,0,0,1,0,0,0,0,0,Steve Carell, Ryan Gosling, Julianne Moore,0
Edgar Wright,112,1,0,0,0,1,0,0,0,1,0,0,0,0,0,0,0,0,0,0,0,Michael Cera, Mary Elizabeth Winstead, Kieran Culkin,0
Edgar Wright,121,1,0,0,0,1,0,0,0,0,0,0,0,0,1,0,0,0,0,0,0,Simon Pegg, Nick Frost, Martin Freeman,0
Ben Wheatley,90,1,0,0,0,1,1,0,0,0,0,0,0,0,0,0,0,0,0,0,0,Sharlto Copley, Brie Larson, Armie Hammer,0
Bryan Singer,132,1,1,0,0,0,0,0,0,0,0,0,0,0,0,0,1,0,0,0,0,Patrick Stewart, Ian McKellen, Hugh Jackman,1
Edward Zwick,118,1,1,0,0,0,1,0,0,0,0,0,0,0,0,0,0,0,0,0,0,Tom Cruise, Cobie Smulders, Aldis Hodge,0
Martin Campbell,144,1,1,0,0,0,0,0,0,0,0,0,0,0,0,0,0,0,1,0,0,Daniel Craig, Eva Green, Judi Dench,1
Catherine Hardwicke,122,0,0,0,0,0,0,1,0,1,0,0,0,0,0,1,0,0,0,0,0,Kristen Stewart, Robert Pattinson, Billy Burke,0
Jon M. Chu,129,1,1,0,0,1,0,0,0,0,0,0,0,0,0,0,0,0,0,0,0,Jesse Eisenberg, Mark Ruffalo, Woody Harrelson,0
Simon Curtis,109,0,0,0,1,0,0,1,0,0,1,0,0,0,0,0,0,0,0,0,0,Helen Mirren, Ryan Reynolds, Daniel Brühl,0
Michael Bay,144,1,0,0,0,0,0,1,0,0,1,0,0,0,0,0,0,0,0,0,0,John Krasinski, Pablo Schreiber, James Badge Dale,0
Sam Mendes,148,1,1,0,0,0,0,0,0,0,0,0,0,0,0,0,0,0,1,0,0,Daniel Craig, Christoph Waltz, Léa Seydoux,0
Dan Gilroy,118,0,0,0,0,0,1,1,0,0,0,0,0,0,0,0,0,0,1,0,0,Jake Gyllenhaal, Rene Russo, Bill Paxton,0
Travis Knight,101,0,1,1,0,0,0,0,1,0,0,0,0,0,0,0,0,0,0,0,0,Charlize Theron, Art Parkinson, Matthew McConaughey,0
Spike Jonze,126,0,0,0,0,0,0,1,0,0,0,0,0,0,0,1,1,0,0,0,0,Joaquin Phoenix, Amy Adams, Scarlett Johansson,0
Chris Buck,102,0,1,1,0,1,0,0,0,0,0,0,0,0,0,0,0,0,0,0,0,Kristen Bell, Idina Menzel, Jonathan Groff,1
Brad Bird,130,1,1,0,0,0,0,0,1,0,0,0,0,0,0,0,0,0,0,0,0,George Clooney, Britt Robertson, Hugh Laurie,0
Matt Reeves,130,1,1,0,0,0,0,1,0,0,0,0,0,0,0,0,0,0,0,0,0,Gary Oldman, Keri Russell, Andy Serkis,1
Ben Stiller,107,1,0,0,0,1,0,0,0,0,0,0,0,0,0,0,0,0,0,0,0,Ben Stiller, Jack Black, Robert Downey Jr.,1
James Wan,134,0,0,0,0,0,0,0,0,0,0,1,0,0,1,0,0,0,1,0,0,Vera Farmiga, Patrick Wilson, Madison Wolfe,0
Peyton Reed,117,1,1,0,0,1,0,0,0,0,0,0,0,0,0,0,0,0,0,0,0,Paul Rudd, Michael Douglas, Corey Stoll,1
Sharon Maguire,118,0,0,0,0,1,0,0,0,0,0,0,0,0,0,1,0,0,0,0,0,Renée Zellweger, Gemma Jones, Jim Broadbent,0
Robert Eggers,92,0,0,0,0,0,0,0,0,0,0,1,0,0,1,0,0,0,0,0,0,Anya Taylor-Joy, Ralph Ineson, Kate Dickie,0
Kenneth Branagh,105,0,0,0,0,0,0,1,1,1,0,0,0,0,0,0,0,0,0,0,0,Lily James, Cate Blanchett, Richard Madden,0
Asghar Farhadi,124,0,0,0,0,0,0,1,0,0,0,0,0,0,0,0,0,0,1,0,0,Taraneh Alidoosti, Shahab Hosseini, Babak Karimi,0
Ang Lee,113,0,0,0,0,0,0,1,0,0,0,0,0,0,0,0,0,0,0,1,0,Joe Alwyn, Garrett Hedlund, Arturo Castro,0
Guillermo del Toro,119,0,0,0,0,0,0,1,0,1,0,1,0,0,0,0,0,0,0,0,0,Mia Wasikowska, Jessica Chastain, Tom Hiddleston,0
Nicolas Winding Refn,100,0,0,0,0,0,1,1,0,0,0,0,0,0,0,0,0,0,0,0,0,Ryan Gosling, Carey Mulligan, Bryan Cranston,0
Judd Apatow,125,0,0,0,0,1,0,1,0,0,0,0,0,0,0,1,0,0,0,0,0,Amy Schumer, Bill Hader, Brie Larson,0
Derek Cianfrance,133,0,0,0,0,0,0,1,0,0,0,0,0,0,0,1,0,0,0,0,0,Michael Fassbender, Alicia Vikander, Rachel Weisz,0
Tom McCarthy,128,0,0,0,0,0,1,1,0,0,1,0,0,0,0,0,0,0,0,0,0,Mark Ruffalo, Michael Keaton, Rachel McAdams,0
Luke Scott,92,0,0,0,0,0,0,0,0,0,0,1,0,0,0,0,1,0,1,0,0,Kate Mara, Anya Taylor-Joy, Rose Leslie,0
Gavin O'Connor,140,1,0,0,0,0,0,1,0,0,0,0,0,0,0,0,0,1,0,0,0,Tom Hardy, Nick Nolte, Joel Edgerton,0
Joe Johnston,124,1,1,0,0,0,0,0,0,0,0,0,0,0,0,0,1,0,0,0,0,Chris Evans, Hugo Weaving, Samuel L. Jackson,1
Sean Penn,148,0,1,0,1,0,0,1,0,0,0,0,0,0,0,0,0,0,0,0,0,Emile Hirsch, Vince Vaughn, Catherine Keener,0
Morten Tyldum,114,0,0,0,1,0,0,1,0,0,0,0,0,0,0,0,0,0,1,0,0,Benedict Cumberbatch, Keira Knightley, Matthew Goode,1
Rawson Marshall Thurber,107,1,0,0,0,1,1,0,0,0,0,0,0,0,0,0,0,0,0,0,0,Dwayne Johnson, Kevin Hart, Danielle Nicolet,0
Doug Liman,113,1,1,0,0,0,0,0,0,0,0,0,0,0,0,0,1,0,0,0,0,Tom Cruise, Emily Blunt, Bill Paxton,1
Gore Verbinski,146,0,0,0,0,0,0,1,0,1,0,1,0,0,0,0,0,0,0,0,0,Dane DeHaan, Jason Isaacs, Mia Goth,0
Oliver Stone,134,0,0,0,1,0,0,1,0,0,0,0,0,0,0,0,0,0,1,0,0,Joseph Gordon-Levitt, Shailene Woodley, Melissa Leo,0
Jon Favreau,126,1,1,0,0,0,0,0,0,0,0,0,0,0,0,0,1,0,0,0,0,Robert Downey Jr., Gwyneth Paltrow, Terrence Howard,1
Robert Schwentke,120,1,1,0,0,0,0,0,0,0,0,0,0,0,1,0,0,0,0,0,0,Shailene Woodley, Theo James, Jeff Daniels,0
Matthew Vaughn,132,1,1,0,0,0,0,0,0,0,0,0,0,0,0,0,1,0,0,0,0,James McAvoy, Michael Fassbender, Jennifer Lawrence,1
Julia Ducournau,99,0,0,0,0,0,0,1,0,0,0,1,0,0,0,0,0,0,0,0,0,Garance Marillier, Ella Rumpf, Rabah Nait Oufella,0
Jim Jarmusch,118,0,0,0,0,1,0,1,0,0,0,0,0,0,0,1,0,0,0,0,0,Adam Driver, Golshifteh Farahani, Nellie,0
Paul Feig,125,0,0,0,0,1,0,0,0,0,0,0,0,0,0,1,0,0,0,0,0,Kristen Wiig, Maya Rudolph, Rose Byrne,0
Brad Peyton,114,1,1,0,0,0,0,1,0,0,0,0,0,0,0,0,0,0,0,0,0,Dwayne Johnson, Carla Gugino, Alexandra Daddario,0
Harmony Korine,94,0,0,0,0,0,0,1,0,0,0,0,0,0,0,0,0,0,0,0,0,Vanessa Hudgens, Selena Gomez, Ashley Benson,0
Michael Bay,144,1,1,0,0,0,0,0,0,0,0,0,0,0,0,0,1,0,0,0,0,Shia LaBeouf, Megan Fox, Josh Duhamel,1
Alan Taylor,112,1,1,0,0,0,0,0,0,1,0,0,0,0,0,0,0,0,0,0,0,Chris Hemsworth, Natalie Portman, Tom Hiddleston,1
Alex Proyas,126,1,1,0,0,0,0,0,0,1,0,0,0,0,0,0,0,0,0,0,0,Brenton Thwaites, Nikolaj Coster-Waldau, Gerard Butler,0
Anthony Russo,136,1,1,0,0,0,0,0,0,0,0,0,0,0,0,0,1,0,0,0,0,Chris Evans, Samuel L. Jackson,Scarlett Johansson,1
Chris Wedge,104,1,1,0,0,1,0,0,0,0,0,0,0,0,0,0,0,0,0,0,0,Lucas Till, Jane Levy, Thomas Lennon,0
Matthew Vaughn,117,1,0,0,0,1,0,0,0,0,0,0,0,0,0,0,0,0,0,0,0,Aaron Taylor-Johnson, Nicolas Cage, Chloë Grace Moretz,0
Ilya Naishuller,96,1,1,0,0,0,0,0,0,0,0,0,0,0,0,0,1,0,0,0,0,Sharlto Copley, Tim Roth, Haley Bennett,0
John Lasseter,117,0,1,1,0,1,0,0,0,0,0,0,0,0,0,0,0,0,0,0,0,Owen Wilson, Bonnie Hunt, Paul Newman,1
David Robert Mitchell,100,0,0,0,0,0,0,0,0,0,0,1,0,0,1,0,0,0,0,0,0,Maika Monroe, Keir Gilchrist, Olivia Luccardi,0
David Fincher,158,0,0,0,0,0,1,1,0,0,0,0,0,0,1,0,0,0,0,0,0,Daniel Craig, Rooney Mara, Christopher Plummer,1
Rawson Marshall Thurber,110,0,0,0,0,1,1,0,0,0,0,0,0,0,0,0,0,0,0,0,0,Jason Sudeikis, Jennifer Aniston, Emma Roberts,1
Andrea Arnold,163,0,0,0,0,0,0,1,0,0,0,0,0,0,0,0,0,0,0,0,0,Sasha Lane, Shia LaBeouf, Riley Keough,0
Yorgos Lanthimos,119,0,0,0,0,1,0,1,0,0,0,0,0,0,0,1,0,0,0,0,0,Colin Farrell, Rachel Weisz, Jessica Barden,0
Nimród Antal,107,1,1,0,0,0,0,0,0,0,0,0,0,0,0,0,1,0,0,0,0,Adrien Brody, Laurence Fishburne, Topher Grace,0
Robert Stromberg,97,1,1,0,0,0,0,0,1,0,0,0,0,0,0,0,0,0,0,0,0,Angelina Jolie, Elle Fanning, Sharlto Copley,1
Guillermo del Toro,118,0,0,0,0,0,0,1,0,1,0,0,0,0,0,0,0,0,0,1,0,Ivana Baquero, Ariadna Gil, Sergi López,0
Andy Goddard,95,0,0,0,0,0,1,1,0,0,0,0,0,0,0,0,0,0,1,0,0,Patrick Wilson, Jessica Biel, Haley Bennett,0
Mel Gibson,139,1,1,0,0,0,0,1,0,0,0,0,0,0,0,0,0,0,0,0,0,Gerardo Taracena, Raoul Max Trujillo, Dalia Hernández,0
Christopher McQuarrie,131,1,1,0,0,0,0,0,0,0,0,0,0,0,0,0,0,0,1,0,0,Tom Cruise, Rebecca Ferguson, Jeremy Renner,1
Cedric Nicolas-Troyan,114,1,1,0,0,0,0,1,0,0,0,0,0,0,0,0,0,0,0,0,0,Chris Hemsworth, Jessica Chastain, Charlize Theron,0
Stephen Chbosky,102,0,0,0,0,0,0,1,0,0,0,0,0,0,0,1,0,0,0,0,0,Logan Lerman, Emma Watson, Ezra Miller,0
Pablo Larraín,100,0,0,0,1,0,0,1,0,0,1,0,0,0,0,0,0,0,0,0,0,Natalie Portman, Peter Sarsgaard, Greta Gerwig,0
D.J. Caruso,85,0,0,0,0,0,0,1,0,0,0,1,0,0,0,0,0,0,1,0,0,Kate Beckinsale, Mel Raido, Duncan Joiner,0
Wes Anderson,99,0,1,0,0,1,0,1,0,0,0,0,0,0,0,0,0,0,0,0,0,Ralph Fiennes, F. Murray Abraham, Mathieu Amalric,0
Andrew Niccol,125,1,1,0,0,0,0,0,0,0,0,0,0,0,0,1,0,0,0,0,0,Saoirse Ronan, Max Irons, Jake Abel,0
David Ayer,134,1,0,0,0,0,0,1,0,0,0,0,0,0,0,0,0,0,0,1,0,Brad Pitt, Shia LaBeouf, Logan Lerman,1
Pete Docter,95,0,1,1,0,1,0,0,0,0,0,0,0,0,0,0,0,0,0,0,0,Amy Poehler, Bill Hader, Lewis Black,1
Ash Brannon,90,0,1,1,0,1,0,0,0,0,0,0,0,0,0,0,0,0,0,0,0,Luke Wilson, Eddie Izzard, J.K. Simmons,0
Alan Taylor,126,1,1,0,0,0,0,0,0,0,0,0,0,0,0,0,1,0,0,0,0,Arnold Schwarzenegger, Jason Clarke, Emilia Clarke,0
Chris Columbus,118,0,1,0,0,0,0,0,1,1,0,0,0,0,0,0,0,0,0,0,0,Logan Lerman, Kevin McKidd, Steve Coogan,0
Tom Hooper,158,0,0,0,0,0,0,1,0,0,0,0,1,1,0,1,0,0,0,0,0,Hugh Jackman, Russell Crowe, Anne Hathaway,1
Alfonso Cuarón,109,0,0,0,0,0,0,1,0,0,0,0,0,0,0,0,1,0,1,0,0,Julianne Moore, Clive Owen, Chiwetel Ejiofor,0
Mike Mills,119,0,0,0,0,1,0,1,0,0,0,0,0,0,0,0,0,0,0,0,0,Annette Bening, Elle Fanning, Greta Gerwig,0
Paul Feig,119,1,0,0,0,1,1,0,0,0,0,0,0,0,0,0,0,0,0,0,0,Melissa McCarthy, Rose Byrne, Jude Law,0
Olivier Nakache,112,0,0,0,1,1,0,1,0,0,0,0,0,0,0,0,0,0,0,0,0,François Cluzet, Omar Sy, Anne Le Ny,0
Eleanor Coppola,92,0,0,0,0,1,0,1,0,0,0,0,0,0,0,1,0,0,0,0,0,Diane Lane, Alec Baldwin, Arnaud Viard,0
Yorgos Lanthimos,94,0,0,0,0,0,0,1,0,0,0,0,0,0,0,0,0,0,1,0,0,Christos Stergioglou, Michele Valley, Angeliki Papoulia,0
F. Gary Gray,147,0,0,0,1,0,0,1,0,0,1,0,0,0,0,0,0,0,0,0,0,O'Shea Jackson Jr., Corey Hawkins, Jason Mitchell,0
Marc Webb,142,1,1,0,0,0,0,0,0,0,0,0,0,0,0,0,1,0,0,0,0,Andrew Garfield, Emma Stone, Jamie Foxx,0
James Wan,112,0,0,0,0,0,0,0,0,0,0,1,0,0,1,0,0,0,1,0,0,Patrick Wilson, Vera Farmiga, Ron Livingston,1
Todd Phillips,100,0,0,0,0,1,0,0,0,0,0,0,0,0,0,0,0,0,0,0,0,Zach Galifianakis, Bradley Cooper, Justin Bartha,1
Peter Berg,131,1,1,0,0,0,0,0,0,0,0,0,0,0,0,0,1,0,0,0,0,Alexander Skarsgård, Brooklyn Decker, Liam Neeson,0
Rupert Wyatt,105,1,0,0,0,0,0,1,0,0,0,0,0,0,0,0,1,0,0,0,0,James Franco, Andy Serkis, Freida Pinto,1
David F. Sandberg,81,0,0,0,0,0,0,0,0,0,0,1,0,0,0,0,0,0,0,0,0,Teresa Palmer, Gabriel Bateman, Maria Bello,0
Joseph Cedar,118,0,0,0,0,0,0,1,0,0,0,0,0,0,0,0,0,0,1,0,0,Richard Gere, Lior Ashkenazi, Michael Sheen,0
Alejandro González Iñárritu,119,0,0,0,0,1,0,1,0,0,0,0,0,0,0,1,0,0,0,0,0,Michael Keaton, Zach Galifianakis,Edward Norton,0
Darren Aronofsky,108,0,0,0,0,0,0,1,0,0,0,0,0,0,0,0,0,0,1,0,0,Natalie Portman, Mila Kunis, Vincent Cassel,1
Justin Simien,108,0,0,0,0,1,0,1,0,0,0,0,0,0,0,0,0,0,0,0,0,Tyler James Williams, Tessa Thompson, Kyle Gallner,0
Lars von Trier,117,0,0,0,0,0,0,1,0,0,0,0,0,0,0,0,0,0,0,0,0,Charlotte Gainsbourg, Stellan Skarsgård, Stacy Martin,0
Dave Green,112,1,1,0,0,1,0,0,0,0,0,0,0,0,0,0,0,0,0,0,0,Megan Fox, Will Arnett, Tyler Perry,0
Eli Roth,99,0,0,0,0,0,0,1,0,0,0,1,0,0,0,0,0,0,1,0,0,Keanu Reeves, Lorenza Izzo, Ana de Armas,0
Dan Mazer,102,0,0,0,0,1,0,0,0,0,0,0,0,0,0,0,0,0,0,0,0,Robert De Niro, Zac Efron, Zoey Deutch,0
Tom Tykwer,172,0,0,0,0,0,0,1,0,0,0,0,0,0,0,0,1,0,0,0,0,Tom Hanks, Halle Berry, Hugh Grant,0
Gavin Hood,107,1,1,0,0,0,0,0,0,0,0,0,0,0,0,0,1,0,0,0,0,Hugh Jackman, Liev Schreiber, Ryan Reynolds,0
Sam Mendes,143,1,1,0,0,0,0,0,0,0,0,0,0,0,0,0,0,0,1,0,0,Daniel Craig, Javier Bardem, Naomie Harris,1
Peter Jackson,169,0,1,0,0,0,0,0,0,1,0,0,0,0,0,0,0,0,0,0,0,Martin Freeman, Ian McKellen, Richard Armitage,1
Phil Lord,110,1,0,0,0,1,1,0,0,0,0,0,0,0,0,0,0,0,0,0,0,Jonah Hill, Channing Tatum, Ice Cube,1
John Carney,106,0,0,0,0,1,0,1,0,0,0,0,1,0,0,0,0,0,0,0,0,Ferdia Walsh-Peelo, Aidan Gillen, Maria Doyle Kennedy,0
Joseph Kosinski,124,1,1,0,0,0,0,0,0,0,0,0,0,0,1,0,0,0,0,0,0,Tom Cruise, Morgan Freeman, Andrea Riseborough,1
Phil Lord,112,1,0,0,0,1,1,0,0,0,0,0,0,0,0,0,0,0,0,0,0,Channing Tatum, Jonah Hill, Ice Cube,1
David Fincher,157,0,0,0,0,0,1,1,0,0,1,0,0,0,0,0,0,0,0,0,0,Jake Gyllenhaal, Robert Downey Jr., Mark Ruffalo,0
Richard Linklater,117,0,0,0,0,1,0,0,0,0,0,0,0,0,0,0,0,0,0,0,0,Blake Jenner, Tyler Hoechlin, Ryan Guzman,0
Shane Black,130,1,1,0,0,0,0,0,0,0,0,0,0,0,0,0,1,0,0,0,0,Robert Downey Jr., Guy Pearce, Gwyneth Paltrow,1
Louis Leterrier,115,0,0,0,0,0,1,0,0,0,0,0,0,0,1,0,0,0,1,0,0,Jesse Eisenberg, Common, Mark Ruffalo,1
Guy Ritchie,128,1,1,0,0,0,1,0,0,0,0,0,0,0,0,0,0,0,0,0,0,Robert Downey Jr., Jude Law, Rachel McAdams,1
Tom Hooper,119,0,0,0,1,0,0,1,0,0,0,0,0,0,0,1,0,0,0,0,0,Eddie Redmayne, Alicia Vikander, Amber Heard,0
Brett Ratner,98,1,1,0,0,0,0,0,0,0,0,0,0,0,0,0,0,0,0,0,0,Dwayne Johnson, John Hurt, Ian McShane,0
Zack Snyder,110,1,0,0,0,0,0,0,0,1,0,0,0,0,0,0,0,0,0,0,0,Emily Browning, Vanessa Hudgens, Abbie Cornish,0
Greg Mottola,105,1,0,0,0,1,0,0,0,0,0,0,0,0,0,0,0,0,0,0,0,Zach Galifianakis, Isla Fisher, Jon Hamm,0
Lana Wachowski,127,1,1,0,0,0,0,0,0,0,0,0,0,0,0,0,1,0,0,0,0,Channing Tatum, Mila Kunis,Eddie Redmayne,0
Jared Hess,95,1,0,0,0,1,1,0,0,0,0,0,0,0,0,0,0,0,0,0,0,Zach Galifianakis, Kristen Wiig, Owen Wilson,0
Sang-ho Yeon,118,1,0,0,0,0,0,1,0,0,0,1,0,0,0,0,0,0,0,0,0,Yoo Gong, Soo-an Kim, Yu-mi Jung,0
Jason Moore,112,0,0,0,0,1,0,0,0,0,0,0,1,0,0,1,0,0,0,0,0,Anna Kendrick, Brittany Snow, Rebel Wilson,0
Nicholas Stoller,92,0,0,0,0,1,0,0,0,0,0,0,0,0,0,0,0,0,0,0,0,Seth Rogen, Rose Byrne, Zac Efron,0
Zack Snyder,143,1,1,0,0,0,0,0,0,1,0,0,0,0,0,0,0,0,0,0,0,Henry Cavill, Amy Adams, Michael Shannon,1
Ross Katz,111,0,0,0,0,0,0,1,0,0,0,0,0,0,0,1,0,0,0,0,0,Benjamin Walker, Teresa Palmer, Alexandra Daddario,0
Mike Thurmeier,94,0,1,1,0,1,0,0,0,0,0,0,0,0,0,0,0,0,0,0,0,Ray Romano, Denis Leary, John Leguizamo,0
David Frankel,109,0,0,0,0,1,0,1,0,0,0,0,0,0,0,0,0,0,0,0,0,Anne Hathaway, Meryl Streep, Adrian Grenier,0
Brad Furman,127,0,0,0,1,0,1,1,0,0,0,0,0,0,0,0,0,0,0,0,0,Bryan Cranston, John Leguizamo, Diane Kruger,0
Paul Thomas Anderson,158,0,0,0,0,0,0,1,0,0,1,0,0,0,0,0,0,0,0,0,0,Daniel Day-Lewis, Paul Dano, Ciarán Hinds,0
Antoine Fuqua,132,1,0,0,0,0,1,0,0,0,0,0,0,0,0,0,0,0,1,0,0,Denzel Washington, Marton Csokas, Chloë Grace Moretz,1
Peter Berg,121,1,0,0,1,0,0,1,0,0,0,0,0,0,0,0,0,0,0,0,0,Mark Wahlberg, Taylor Kitsch, Emile Hirsch,1
Drew Goddard,95,0,0,0,0,0,0,0,0,0,0,1,0,0,0,0,0,0,0,0,0,Kristen Connolly, Chris Hemsworth, Anna Hutchison,0
Fred Wolf,97,0,0,0,0,1,0,0,0,0,0,0,0,0,0,1,0,0,0,0,0,Anna Faris, Colin Hanks, Emma Stone,0
Jim Field Smith,104,0,0,0,0,1,0,0,0,0,0,0,0,0,0,1,0,0,0,0,0,Jay Baruchel, Alice Eve, T.J. Miller,0
Paul Thomas Anderson,148,0,0,0,0,1,1,1,0,0,0,0,0,0,0,0,0,0,0,0,0,Joaquin Phoenix, Josh Brolin, Owen Wilson,0
James Bobin,113,0,1,0,0,0,0,0,1,1,0,0,0,0,0,0,0,0,0,0,0,Mia Wasikowska, Johnny Depp, Helena Bonham Carter,0
Justin Lin,104,1,0,0,0,0,1,0,0,0,0,0,0,0,0,0,0,0,1,0,0,Lucas Black, Zachery Ty Bryan, Shad Moss,0
Christian Ditter,110,0,0,0,0,1,0,0,0,0,0,0,0,0,0,1,0,0,0,0,0,Dakota Johnson, Rebel Wilson, Leslie Mann,0
John Lee Hancock,129,0,0,0,1,0,0,1,0,0,0,0,0,0,0,0,0,1,0,0,0,Quinton Aaron, Sandra Bullock, Tim McGraw,1
Abdellatif Kechiche,180,0,0,0,0,0,0,1,0,0,0,0,0,0,0,1,0,0,0,0,0,Léa Seydoux, Adèle Exarchopoulos, Salim Kechiouche,0
Jennifer Kent,93,0,0,0,0,0,0,1,0,0,0,1,0,0,0,0,0,0,0,0,0,Essie Davis, Noah Wiseman, Daniel Henshall,0
Peter Jackson,144,0,1,0,0,0,0,0,0,1,0,0,0,0,0,0,0,0,0,0,0,Ian McKellen, Martin Freeman, Richard Armitage,1
David Yates,138,0,1,0,0,0,0,0,1,1,0,0,0,0,0,0,0,0,0,0,0,Daniel Radcliffe, Emma Watson, Rupert Grint,1
Bong Joon Ho,126,1,0,0,0,0,0,1,0,0,0,0,0,0,0,0,1,0,0,0,0,Chris Evans, Jamie Bell, Tilda Swinton,0
J Blakeson,112,1,1,0,0,0,0,0,0,0,0,0,0,0,0,0,1,0,0,0,0,Chloë Grace Moretz, Matthew Zuk, Gabriela Lopez,0
M. Night Shyamalan,94,0,0,0,0,1,0,0,0,0,0,1,0,0,0,0,0,0,1,0,0,Olivia DeJonge, Ed Oxenbould, Deanna Dunagan,0
Justin Lin,131,1,0,0,0,0,1,0,0,0,0,0,0,0,0,0,0,0,1,0,0,Vin Diesel, Paul Walker, Dwayne Johnson,1
Anne Fletcher,104,0,0,0,0,0,1,1,0,0,0,0,1,0,0,0,0,0,0,0,0,Channing Tatum, Jenna Dewan Tatum, Damaine Radcliff,0
So Yong Kim,84,0,0,0,0,0,0,1,0,0,0,0,0,0,0,0,0,0,0,0,0,Riley Keough, Jena Malone, Jessie Ok Gray,0
Guy Ritchie,114,1,0,0,0,0,1,0,0,0,0,0,0,0,0,0,0,0,1,0,0,Gerard Butler, Tom Wilkinson, Idris Elba,0
Andrew Niccol,109,1,0,0,0,0,0,0,0,0,0,0,0,0,0,0,1,0,1,0,0,Justin Timberlake, Amanda Seyfried, Cillian Murphy,0
David Fincher,120,0,0,0,1,0,0,1,0,0,0,0,0,0,0,0,0,0,0,0,0,Jesse Eisenberg, Andrew Garfield, Justin Timberlake,1
Breck Eisner,106,1,1,0,0,0,0,0,0,1,0,0,0,0,0,0,0,0,0,0,0,Vin Diesel, Rose Leslie, Elijah Wood,0
Paul McGuigan,110,0,0,0,0,0,0,1,0,0,0,1,0,0,0,0,1,0,0,0,0,Daniel Radcliffe, James McAvoy, Jessica Brown Findlay,0
Roger Spottiswoode,103,0,0,0,1,1,0,1,0,0,0,0,0,0,0,0,0,0,0,0,0,Luke Treadaway, Bob the Cat, Ruta Gedmintas,0
Jeremy Saulnier,95,0,0,0,0,0,1,0,0,0,0,1,0,0,0,0,0,0,1,0,0,Anton Yelchin, Imogen Poots, Alia Shawkat,0
Michael Mann,133,0,0,0,0,0,1,1,0,0,0,0,0,0,1,0,0,0,0,0,0,Chris Hemsworth, Viola Davis, Wei Tang,0
Nicholas Stoller,87,0,1,1,0,1,0,0,0,0,0,0,0,0,0,0,0,0,0,0,0,Andy Samberg, Katie Crown,Kelsey Grammer,0
Clint Eastwood,133,1,0,0,1,0,0,1,0,0,0,0,0,0,0,0,0,0,0,0,0,Bradley Cooper, Sienna Miller, Kyle Gallner,1
Jean-Marc Vallée,117,0,0,0,1,0,0,1,0,0,0,0,0,0,0,0,0,0,0,0,0,Matthew McConaughey, Jennifer Garner, Jared Leto,0
Steven Spielberg,150,0,0,0,1,0,0,1,0,0,1,0,0,0,0,0,0,0,0,0,0,Daniel Day-Lewis, Sally Field, David Strathairn,1
Ron Howard,123,1,0,0,1,0,0,1,0,0,0,0,0,0,0,0,0,0,0,0,0,Daniel Brühl, Chris Hemsworth, Olivia Wilde,0
David O. Russell,122,0,0,0,0,1,0,1,0,0,0,0,0,0,0,1,0,0,0,0,0,Bradley Cooper, Jennifer Lawrence, Robert De Niro,1
Josh Boone,126,0,0,0,0,0,0,1,0,0,0,0,0,0,0,1,0,0,0,0,0,Shailene Woodley, Ansel Elgort, Nat Wolff,1
Frank Coraci,117,0,0,0,0,1,0,0,0,0,0,0,0,0,0,1,0,0,0,0,0,Adam Sandler, Drew Barrymore, Wendi McLendon-Covey,0
Justin Lin,107,1,0,0,0,0,1,0,0,0,0,0,0,0,0,0,0,0,1,0,0,Vin Diesel, Paul Walker, Michelle Rodriguez,0
Rian Johnson,119,1,0,0,0,0,1,1,0,0,0,0,0,0,0,0,0,0,0,0,0,Joseph Gordon-Levitt, Bruce Willis, Emily Blunt,0
Roland Emmerich,131,1,0,0,0,0,0,1,0,0,0,0,0,0,0,0,0,0,1,0,0,Channing Tatum, Jamie Foxx, Maggie Gyllenhaal,0
David Lowery,102,0,1,0,0,0,0,0,1,1,0,0,0,0,0,0,0,0,0,0,0,Bryce Dallas Howard, Robert Redford, Oakes Fegley,0
Sam Raimi,139,1,1,0,0,0,0,0,0,0,0,0,0,0,0,0,0,0,0,0,0,Tobey Maguire, Kirsten Dunst, Topher Grace,0
Paul W.S. Anderson,110,1,1,0,0,0,0,0,0,0,0,0,0,0,0,1,0,0,0,0,0,Logan Lerman, Matthew Macfadyen, Ray Stevenson,0
Matthew Vaughn,127,0,1,0,0,0,0,0,1,1,0,0,0,0,0,0,0,0,0,0,0,Charlie Cox, Claire Danes, Sienna Miller,0
David O. Russell,138,0,0,0,0,0,1,1,0,0,0,0,0,0,0,0,0,0,0,0,0,Christian Bale, Amy Adams, Bradley Cooper,1
Karyn Kusama,102,0,0,0,0,1,0,0,0,0,0,1,0,0,0,0,0,0,0,0,0,Megan Fox, Amanda Seyfried, Adam Brody,0
Woody Allen,94,0,0,0,0,1,0,0,0,1,0,0,0,0,0,1,0,0,0,0,0,Owen Wilson, Rachel McAdams, Kathy Bates,0
David O. Russell,124,0,0,0,0,0,0,1,0,0,0,0,0,0,0,0,0,0,0,0,0,Jennifer Lawrence, Robert De Niro, Bradley Cooper,0
Jocelyn Moorhouse,119,0,0,0,0,1,0,1,0,0,0,0,0,0,0,0,0,0,0,0,0,Kate Winslet, Judy Davis, Liam Hemsworth,0
Woody Allen,96,0,0,0,0,1,0,1,0,0,0,0,0,0,0,1,0,0,0,0,0,Jesse Eisenberg, Kristen Stewart, Steve Carell,0
Robert Schwentke,119,0,1,0,0,0,0,0,0,0,0,0,0,0,0,0,1,0,1,0,0,Shailene Woodley, Ansel Elgort, Theo James,0
Sergei Bodrov,102,1,1,0,0,0,0,0,0,1,0,0,0,0,0,0,0,0,0,0,0,Ben Barnes, Julianne Moore, Jeff Bridges,0
James Marsh,123,0,0,0,1,0,0,1,0,0,0,0,0,0,0,1,0,0,0,0,0,Eddie Redmayne, Felicity Jones, Tom Prior,0
Evan Goldberg,107,0,0,0,0,1,0,0,0,1,0,0,0,0,0,0,0,0,0,0,0,James Franco, Jonah Hill, Seth Rogen,0
Richard Curtis,123,0,0,0,0,1,0,1,0,1,0,0,0,0,0,0,0,0,0,0,0,Domhnall Gleeson, Rachel McAdams, Bill Nighy,0
Adam McKay,98,0,0,0,0,1,0,0,0,0,0,0,0,0,0,0,0,0,0,0,0,Will Ferrell, John C. Reilly, Mary Steenburgen,1
Jon Watts,100,0,0,0,0,0,0,0,0,0,0,1,0,0,0,0,0,0,1,0,0,Andy Powers, Laura Allen, Peter Stormare,0
J.J. Abrams,132,1,1,0,0,0,0,0,0,0,0,0,0,0,0,0,1,0,0,0,0,Chris Pine, Zachary Quinto, Zoe Saldana,1
Ruben Fleischer,88,0,1,0,0,1,0,0,0,0,0,1,0,0,0,0,0,0,0,0,0,Jesse Eisenberg, Emma Stone, Woody Harrelson,0
Ethan Coen,106,0,0,0,0,1,0,0,0,0,0,0,0,0,1,0,0,0,0,0,0,Josh Brolin, George Clooney, Alden Ehrenreich,0
Danny Boyle,120,0,0,0,0,0,0,1,0,0,0,0,0,0,0,0,0,0,0,0,0,Dev Patel, Freida Pinto, Saurabh Shukla,1
Bill Condon,115,0,1,0,0,0,0,1,0,1,0,0,0,0,0,0,0,0,0,0,0,Kristen Stewart, Robert Pattinson, Taylor Lautner,0
Marc Webb,136,1,1,0,0,0,0,0,0,0,0,0,0,0,0,0,0,0,0,0,0,Andrew Garfield, Emma Stone, Rhys Ifans,1
Timur Bekmambetov,123,1,1,0,0,0,0,1,0,0,0,0,0,0,0,0,0,0,0,0,0,Jack Huston, Toby Kebbell, Rodrigo Santoro,0
J.D. Dillard,89,1,0,0,0,0,0,1,0,0,0,0,0,0,0,0,1,0,0,0,0,Jacob Latimore, Seychelle Gabriel, Dulé Hill,0
Wes Ball,113,1,0,0,0,0,0,0,0,0,0,0,0,0,1,0,1,0,0,0,0,Dylan O'Brien, Kaya Scodelario, Will Poulter,0
Ariel Vromen,113,1,0,0,0,0,1,1,0,0,0,0,0,0,0,0,0,0,0,0,0,Kevin Costner, Ryan Reynolds, Gal Gadot,0
Timur Bekmambetov,110,1,0,0,0,0,1,0,0,1,0,0,0,0,0,0,0,0,0,0,0,Angelina Jolie, James McAvoy, Morgan Freeman,0
Stephen Frears,111,0,0,0,1,1,0,1,0,0,0,0,0,0,0,0,0,0,0,0,0,Meryl Streep, Hugh Grant, Simon Helberg,0
Eran Creevy,99,1,0,0,0,0,1,0,0,0,0,0,0,0,0,0,0,0,1,0,0,Nicholas Hoult, Felicity Jones, Anthony Hopkins,0
Scott Cooper,123,0,0,0,1,0,1,1,0,0,0,0,0,0,0,0,0,0,0,0,0,Johnny Depp, Benedict Cumberbatch, Dakota Johnson,0
Ryan Coogler,133,0,0,0,0,0,0,1,0,0,0,0,0,0,0,0,0,1,0,0,0,Michael B. Jordan, Sylvester Stallone, Tessa Thompson,0
Dan Kwan,97,0,1,0,0,1,0,1,0,0,0,0,0,0,0,0,0,0,0,0,0,Paul Dano, Daniel Radcliffe, Mary Elizabeth Winstead,0
Patrick Hughes,126,1,1,0,0,0,0,0,0,0,0,0,0,0,0,0,0,0,1,0,0,Sylvester Stallone, Jason Statham, Jet Li,0
Jemaine Clement,86,0,0,0,0,1,0,0,0,1,0,1,0,0,0,0,0,0,0,0,0,Jemaine Clement, Taika Waititi,Cori Gonzalez-Macuer,0
Antoine Fuqua,124,0,0,0,0,0,0,1,0,0,0,0,0,0,0,0,0,1,0,0,0,Jake Gyllenhaal, Rachel McAdams, Oona Laurence,0
Steven Spielberg,142,0,0,0,0,0,0,1,0,0,1,0,0,0,0,0,0,0,1,0,0,Tom Hanks, Mark Rylance, Alan Alda,0
Phil Lord,100,1,1,1,0,0,0,0,0,0,0,0,0,0,0,0,0,0,0,0,0,Chris Pratt, Will Ferrell, Elizabeth Banks,1
Baltasar Kormákur,121,1,1,0,0,0,0,1,0,0,0,0,0,0,0,0,0,0,0,0,0,Jason Clarke, Ang Phula Sherpa, Thomas M. Wright,0
Chris Columbus,105,1,0,0,0,1,0,0,1,0,0,0,0,0,0,0,0,0,0,0,0,Adam Sandler, Kevin James, Michelle Monaghan,0
Ridley Scott,140,1,1,0,0,0,0,1,0,0,0,0,0,0,0,0,0,0,0,0,0,Russell Crowe, Cate Blanchett, Matthew Macfadyen,0
James Mangold,126,1,1,0,0,0,0,0,0,0,0,0,0,0,0,0,1,0,0,0,0,Hugh Jackman, Will Yun Lee, Tao Okamoto,0
Andrew Stanton,132,1,1,0,0,0,0,0,0,0,0,0,0,0,0,0,1,0,0,0,0,Taylor Kitsch, Lynn Collins, Willem Dafoe,0
Peter Atencio,100,1,0,0,0,1,0,0,0,0,0,0,0,0,0,0,0,0,0,0,0,Keegan-Michael Key, Jordan Peele, Tiffany Haddish,0
Pierre Morel,115,1,0,0,0,0,1,1,0,0,0,0,0,0,0,0,0,0,0,0,0,Sean Penn, Idris Elba, Jasmine Trinca,0
Danny Boyle,122,0,0,0,1,0,0,1,0,0,0,0,0,0,0,0,0,0,0,0,0,Michael Fassbender, Kate Winslet, Seth Rogen,0
Dennis Dugan,101,0,0,0,0,1,0,0,0,0,0,0,0,0,0,0,0,0,0,0,0,Adam Sandler, Kevin James, Chris Rock,0
Lee Toland Krieger,112,0,0,0,0,0,0,1,0,1,0,0,0,0,0,1,0,0,0,0,0,Blake Lively, Michiel Huisman, Harrison Ford,0
Louis Leterrier,112,1,1,0,0,0,0,0,0,0,0,0,0,0,0,0,1,0,0,0,0,Edward Norton, Liv Tyler, Tim Roth,0
Peter Billingsley,113,0,0,0,0,1,0,0,0,0,0,0,0,0,0,0,0,0,0,0,0,Vince Vaughn, Malin Akerman, Jon Favreau,0
Steven Soderbergh,110,0,0,0,0,1,0,1,0,0,0,0,0,0,0,0,0,0,0,0,0,Channing Tatum, Alex Pettyfer, Olivia Munn,0
Kyle Balda,91,1,1,1,0,0,0,0,0,0,0,0,0,0,0,0,0,0,0,0,0,Sandra Bullock, Jon Hamm, Michael Keaton,0
Pierre Coffin,95,0,1,1,0,1,0,0,0,0,0,0,0,0,0,0,0,0,0,0,0,Steve Carell, Jason Segel, Russell Brand,1
Michael Hoffman,118,0,0,0,0,0,0,1,0,0,0,0,0,0,0,1,0,0,0,0,0,James Marsden, Michelle Monaghan, Luke Bracey,0
Karyn Kusama,100,0,0,0,0,0,0,1,0,0,0,0,0,0,1,0,0,0,1,0,0,Logan Marshall-Green, Emayatzy Corinealdi, Michiel Huisman,0
Kathryn Bigelow,157,0,0,0,0,0,0,1,0,0,1,0,0,0,0,0,0,0,1,0,0,Jessica Chastain, Joel Edgerton, Chris Pratt,1
Nathan Greno,100,0,1,1,0,1,0,0,0,0,0,0,0,0,0,0,0,0,0,0,0,Mandy Moore, Zachary Levi, Donna Murphy,1
Francis Lawrence,137,1,1,0,0,0,0,0,0,0,0,0,0,0,0,0,1,0,0,0,0,Jennifer Lawrence, Josh Hutcherson, Liam Hemsworth,0
John Francis Daley,99,0,1,0,0,1,0,0,0,0,0,0,0,0,0,0,0,0,0,0,0,Ed Helms, Christina Applegate, Skyler Gisondo,0
Pierre Morel,93,1,0,0,0,0,0,0,0,0,0,0,0,0,0,0,0,0,1,0,0,Liam Neeson, Maggie Grace, Famke Janssen,1
Elizabeth Banks,115,0,0,0,0,1,0,0,0,0,0,0,1,0,0,0,0,0,0,0,0,Anna Kendrick, Rebel Wilson, Hailee Steinfeld,0
Dan Scanlon,104,0,1,1,0,1,0,0,0,0,0,0,0,0,0,0,0,0,0,0,0,Billy Crystal, John Goodman, Steve Buscemi,1
Dennis Gansel,98,1,1,0,0,0,1,0,0,0,0,0,0,0,0,0,0,0,0,0,0,Jason Statham, Jessica Alba, Tommy Lee Jones,0
Kevin Smith,102,0,0,0,0,1,0,1,0,0,0,1,0,0,0,0,0,0,0,0,0,Justin Long, Michael Parks, Haley Joel Osment,0
David Yates,146,0,1,0,0,0,0,0,1,1,0,0,0,0,0,0,0,0,0,0,0,Daniel Radcliffe, Emma Watson, Rupert Grint,1
Steve McQueen,101,0,0,0,0,0,0,1,0,0,0,0,0,0,0,0,0,0,0,0,0,Michael Fassbender, Carey Mulligan, James Badge Dale,0
Joe Wright,111,1,0,0,0,0,0,1,0,0,0,0,0,0,0,0,0,0,1,0,0,Saoirse Ronan, Cate Blanchett, Eric Bana,0
David Ross,88,0,0,0,0,0,0,1,0,0,0,0,0,0,0,0,0,0,0,0,0,Lauren Birkell, Paul Borghese, Chira Cassel,0
Burr Steers,108,1,0,0,0,0,0,0,0,0,0,1,0,0,0,1,0,0,0,0,0,Lily James, Sam Riley, Jack Huston,0
Noam Murro,102,1,0,0,0,0,0,1,0,1,0,0,0,0,0,0,0,0,0,0,0,Sullivan Stapleton, Eva Green, Lena Headey,0
Babak Najafi,99,1,0,0,0,0,1,1,0,0,0,0,0,0,0,0,0,0,0,0,0,Gerard Butler, Aaron Eckhart, Morgan Freeman,0
David Fincher,166,0,0,0,0,0,0,1,0,1,0,0,0,0,0,1,0,0,0,0,0,Brad Pitt, Cate Blanchett, Tilda Swinton,1
Frank Miller,102,1,0,0,0,0,1,0,0,0,0,0,0,0,0,0,0,0,1,0,0,Mickey Rourke, Jessica Alba, Josh Brolin,0
Paul Greengrass,115,1,0,0,0,0,0,0,0,0,0,0,0,0,1,0,0,0,1,0,0,Matt Damon, Edgar Ramírez, Joan Allen,1
Rajkumar Hirani,170,0,0,0,0,1,0,1,0,0,0,0,0,0,0,0,0,0,0,0,0,Aamir Khan, Madhavan, Mona Singh,0
Ben Stiller,102,0,0,0,0,1,0,0,0,0,0,0,0,0,0,0,0,0,0,0,0,Ben Stiller, Owen Wilson, Penélope Cruz,0
Marc Forster,116,1,1,0,0,0,0,0,0,0,0,1,0,0,0,0,0,0,0,0,0,Brad Pitt, Mireille Enos, Daniella Kertesz,1
Brad Bird,132,1,1,0,0,0,0,0,0,0,0,0,0,0,0,0,0,0,1,0,0,Tom Cruise, Jeremy Renner, Simon Pegg,1
George Tillman Jr.,123,0,0,0,0,0,0,1,0,0,0,0,0,0,0,1,0,0,0,0,0,Scott Eastwood, Britt Robertson, Alan Alda,0
J.A. Bayona,114,0,0,0,0,0,0,1,0,0,0,0,0,0,0,0,0,0,1,0,0,Naomi Watts, Ewan McGregor, Tom Holland,0
Jeff Wadlow,103,1,0,0,0,1,1,0,0,0,0,0,0,0,0,0,0,0,0,0,0,Aaron Taylor-Johnson, Chloë Grace Moretz,Christopher Mintz-Plasse,0
Sam Raimi,130,0,1,0,0,0,0,0,1,1,0,0,0,0,0,0,0,0,0,0,0,James Franco, Michelle Williams, Rachel Weisz,0
John Crowley,117,0,0,0,0,0,0,1,0,0,0,0,0,0,0,1,0,0,0,0,0,Saoirse Ronan, Emory Cohen, Domhnall Gleeson,0
Henry Selick,100,0,0,1,0,0,0,0,1,1,0,0,0,0,0,0,0,0,0,0,0,Dakota Fanning, Teri Hatcher, John Hodgman,0
Derek Cianfrance,112,0,0,0,0,0,0,1,0,0,0,0,0,0,0,1,0,0,0,0,0,Ryan Gosling, Michelle Williams, John Doman,0
Pete Travis,95,1,0,0,0,0,0,0,0,0,0,0,0,0,0,0,1,0,0,0,0,Karl Urban, Olivia Thirlby, Lena Headey,0
Taika Waititi,101,0,1,0,0,1,0,1,0,0,0,0,0,0,0,0,0,0,0,0,0,Sam Neill, Julian Dennison, Rima Te Wiata,0
Don Hall,102,1,1,1,0,0,0,0,0,0,0,0,0,0,0,0,0,0,0,0,0,Ryan Potter, Scott Adsit, Jamie Chung,1
Kimberly Peirce,100,0,0,0,0,0,0,1,0,0,0,1,0,0,0,0,0,0,0,0,0,Chloë Grace Moretz, Julianne Moore, Gabriella Wilde,0
Jon Favreau,124,1,1,0,0,0,0,0,0,0,0,0,0,0,0,0,1,0,0,0,0,Robert Downey Jr., Mickey Rourke, Gwyneth Paltrow,1
Jean-Marc Vallée,101,0,0,0,0,1,0,1,0,0,0,0,0,0,0,0,0,0,0,0,0,Jake Gyllenhaal, Naomi Watts, Chris Cooper,0
Christian Alvart,108,1,0,0,0,0,0,0,0,0,0,1,0,0,1,0,0,0,0,0,0,Dennis Quaid, Ben Foster, Cam Gigandet,0
Antoine Fuqua,119,1,0,0,0,0,0,0,0,0,0,0,0,0,0,0,0,0,1,0,0,Gerard Butler, Aaron Eckhart, Morgan Freeman,0
D.J. Caruso,109,1,1,0,0,0,0,0,0,0,0,0,0,0,0,0,1,0,0,0,0,Alex Pettyfer, Timothy Olyphant, Dianna Agron,0
Thomas Vinterberg,115,0,0,0,0,0,0,1,0,0,0,0,0,0,0,0,0,0,0,0,0,Mads Mikkelsen, Thomas Bo Larsen, Annika Wedderkopp,0
Anne Fletcher,108,0,0,0,0,1,0,1,0,0,0,0,0,0,0,1,0,0,0,0,0,Sandra Bullock, Ryan Reynolds, Mary Steenburgen,0
Etan Cohen,100,0,0,0,0,1,1,0,0,0,0,0,0,0,0,0,0,0,0,0,0,Will Ferrell, Kevin Hart, Alison Brie,0
Dennis Dugan,117,0,0,0,0,1,0,0,0,0,0,0,0,0,0,1,0,0,0,0,0,Adam Sandler, Jennifer Aniston, Brooklyn Decker,0
Sam Mendes,119,0,0,0,0,0,0,1,0,0,0,0,0,0,0,1,0,0,0,0,0,Leonardo DiCaprio, Kate Winslet, Christopher Fitzgerald,0
Ben Affleck,125,0,0,0,0,0,1,1,0,0,0,0,0,0,0,0,0,0,1,0,0,Ben Affleck, Rebecca Hall, Jon Hamm,1
William Brent Bell,97,0,0,0,0,0,0,0,0,0,0,1,0,0,1,0,0,0,1,0,0,Lauren Cohan, Rupert Evans, James Russell,0
Mick Jackson,109,0,0,0,1,0,0,1,0,0,0,0,0,0,0,0,0,0,0,0,0,Rachel Weisz, Tom Wilkinson, Timothy Spall,0
Rob Letterman,103,0,1,0,0,1,0,0,1,0,0,0,0,0,0,0,0,0,0,0,0,Jack Black, Dylan Minnette, Odeya Rush,0
Guy Ritchie,129,1,1,0,0,0,1,0,0,0,0,0,0,0,0,0,0,0,0,0,0,Robert Downey Jr., Jude Law, Jared Harris,1
Phillip Noyce,100,1,0,0,0,0,1,0,0,0,0,0,0,0,1,0,0,0,0,0,0,Angelina Jolie, Liev Schreiber, Chiwetel Ejiofor,0
Denis Villeneuve,91,0,0,0,0,0,0,0,0,0,0,0,0,0,1,0,0,0,1,0,0,Jake Gyllenhaal, Mélanie Laurent, Sarah Gadon,0
Neill Blomkamp,112,1,0,0,0,0,0,0,0,0,0,0,0,0,0,0,1,0,1,0,0,Sharlto Copley, David James, Jason Cope,1
Adam McKay,107,1,0,0,0,1,1,0,0,0,0,0,0,0,0,0,0,0,0,0,0,Will Ferrell, Mark Wahlberg, Derek Jeter,0
Ridley Scott,157,0,0,0,1,0,1,1,0,0,0,0,0,0,0,0,0,0,0,0,0,Denzel Washington, Russell Crowe, Chiwetel Ejiofor,1
Sofia Coppola,123,0,0,0,1,0,0,1,0,0,1,0,0,0,0,0,0,0,0,0,0,Kirsten Dunst, Jason Schwartzman, Rip Torn,0
Roland Emmerich,158,1,1,0,0,0,0,0,0,0,0,0,0,0,0,0,1,0,0,0,0,John Cusack, Thandie Newton, Chiwetel Ejiofor,0
David Yates,153,0,1,0,0,0,0,0,1,1,0,0,0,0,0,0,0,0,0,0,0,Daniel Radcliffe, Emma Watson, Rupert Grint,1
Ben Affleck,120,0,0,0,1,0,0,1,0,0,1,0,0,0,0,0,0,0,0,0,0,Ben Affleck, Bryan Cranston, John Goodman,1
Dexter Fletcher,106,0,0,0,1,1,0,1,0,0,0,0,0,0,0,0,0,0,0,0,0,Taron Egerton, Hugh Jackman, Tom Costello,0
Florian Henckel von Donnersmarck,137,0,0,0,0,0,0,1,0,0,0,0,0,0,0,0,0,0,1,0,0,Ulrich Mühe, Martina Gedeck,Sebastian Koch,0
Nicholas Stoller,111,0,0,0,0,1,0,1,0,0,0,0,0,0,0,1,0,0,0,0,0,Kristen Bell, Jason Segel, Paul Rudd,0
Phillip Noyce,97,0,0,0,0,0,0,1,0,0,0,0,0,0,0,1,1,0,0,0,0,Brenton Thwaites, Jeff Bridges, Meryl Streep,0
John Hillcoat,115,1,0,0,0,0,1,1,0,0,0,0,0,0,0,0,0,0,0,0,0,Casey Affleck, Chiwetel Ejiofor, Anthony Mackie,0
Wes Anderson,94,0,1,0,0,1,0,1,0,0,0,0,0,0,0,0,0,0,0,0,0,Jared Gilman, Kara Hayward, Bruce Willis,0
Adam Shankman,117,0,0,0,0,1,0,1,1,0,0,0,0,0,0,0,0,0,0,0,0,John Travolta, Queen Latifah, Nikki Blonsky,0
Lasse Hallström,115,0,0,0,0,0,0,1,0,0,0,0,0,0,0,1,0,0,1,0,0,Julianne Hough, Josh Duhamel, Cobie Smulders,0
Glenn Ficarra,105,0,0,0,0,1,1,1,0,0,0,0,0,0,0,0,0,0,0,0,0,Will Smith, Margot Robbie, Rodrigo Santoro,0
Brad Bird,111,0,0,1,0,1,0,0,1,0,0,0,0,0,0,0,0,0,0,0,0,Brad Garrett, Lou Romano, Patton Oswalt,1
Jim Mickle,98,0,0,0,0,0,0,1,0,0,0,1,0,0,0,0,1,0,0,0,0,Connor Paolo, Nick Damici, Kelly McGillis,0
Albert Hughes,118,1,1,0,0,0,0,1,0,0,0,0,0,0,0,0,0,0,0,0,0,Denzel Washington, Mila Kunis, Ray Stevenson,1
Matt Reeves,85,1,0,0,0,0,0,0,0,0,0,1,0,0,0,0,1,0,0,0,0,Mike Vogel, Jessica Lucas, Lizzy Caplan,0
Ericson Core,114,1,0,0,0,0,1,0,0,0,0,0,0,0,0,0,0,1,0,0,0,Edgar Ramírez, Luke Bracey, Ray Winstone,0
Jonathan Glazer,108,0,0,0,0,0,0,1,0,0,0,1,0,0,0,0,1,0,0,0,0,Scarlett Johansson, Jeremy McWilliams, Lynsey Taylor Mackay,0
Francis Lawrence,101,0,0,0,0,0,0,1,0,0,0,1,0,0,0,0,1,0,0,0,0,Will Smith, Alice Braga, Charlie Tahan,1
Barry Sonnenfeld,106,1,1,0,0,1,0,0,0,0,0,0,0,0,0,0,0,0,0,0,0,Will Smith, Tommy Lee Jones, Josh Brolin,0
J.J. Abrams,112,0,0,0,0,0,0,0,0,0,0,0,0,0,1,0,1,0,1,0,0,Elle Fanning, AJ Michalka, Kyle Chandler,1
F. Gary Gray,109,0,0,0,0,0,1,1,0,0,0,0,0,0,0,0,0,0,1,0,0,Gerard Butler, Jamie Foxx, Leslie Bibb,0
Pete Docter,96,0,1,1,0,1,0,0,0,0,0,0,0,0,0,0,0,0,0,0,0,Edward Asner, Jordan Nagai, John Ratzenberger,1
Wes Ball,131,1,0,0,0,0,0,0,0,0,0,0,0,0,0,0,1,0,1,0,0,Dylan O'Brien, Kaya Scodelario, Thomas Brodie-Sangster,0
Todd Haynes,118,0,0,0,0,0,0,1,0,0,0,0,0,0,0,1,0,0,0,0,0,Cate Blanchett, Rooney Mara, Sarah Paulson,0
Paolo Sorrentino,124,0,0,0,0,1,0,1,0,0,0,0,1,0,0,0,0,0,0,0,0,Michael Caine, Harvey Keitel, Rachel Weisz,0
Oliver Stone,131,0,0,0,0,0,1,1,0,0,0,0,0,0,0,0,0,0,1,0,0,Aaron Taylor-Johnson, Taylor Kitsch, Blake Lively,0
Marc Webb,95,0,0,0,0,1,0,1,0,0,0,0,0,0,0,1,0,0,0,0,0,Zooey Deschanel, Joseph Gordon-Levitt, Geoffrey Arend,0
Elizabeth Banks,94,0,0,0,0,1,0,0,0,0,0,0,0,0,0,1,0,0,0,0,0,Emma Stone, Stephen Merchant, Richard Gere,0
Alfonso Cuarón,91,0,0,0,0,0,0,1,0,0,0,0,0,0,0,0,1,0,1,0,0,Sandra Bullock, George Clooney, Ed Harris,1
Mark Herman,94,0,0,0,0,0,0,1,0,0,0,0,0,0,0,0,0,0,0,1,0,Asa Butterfield, David Thewlis, Rupert Friend,0
Antoine Fuqua,124,1,0,0,0,0,1,1,0,0,0,0,0,0,0,0,0,0,0,0,0,Mark Wahlberg, Michael Peña, Rhona Mitra,0
M. Night Shyamalan,91,0,0,0,0,0,0,0,0,0,0,0,0,0,0,0,1,0,1,0,0,Mark Wahlberg, Zooey Deschanel, John Leguizamo,0
S. Craig Zahler,132,0,1,0,0,0,0,1,0,0,0,1,0,0,0,0,0,0,0,0,0,Kurt Russell, Patrick Wilson, Matthew Fox,0
Will Gluck,92,0,0,0,0,1,0,1,0,0,0,0,0,0,0,1,0,0,0,0,0,Emma Stone, Amanda Bynes, Penn Badgley,0
Ridley Scott,150,1,1,0,0,0,0,1,0,0,0,0,0,0,0,0,0,0,0,0,0,Christian Bale, Joel Edgerton, Ben Kingsley,0
Neill Blomkamp,120,1,0,0,0,0,1,1,0,0,0,0,0,0,0,0,0,0,0,0,0,Sharlto Copley, Dev Patel, Hugh Jackman,0
Peter Jackson,161,0,1,0,0,0,0,0,0,1,0,0,0,0,0,0,0,0,0,0,0,Ian McKellen, Martin Freeman, Richard Armitage,1
Biyi Bandele,111,0,0,0,0,0,0,1,0,0,0,0,0,0,0,1,0,0,0,0,0,Chiwetel Ejiofor, Thandie Newton, Anika Noni Rose,0
Sean Ellis,120,0,0,0,1,0,0,0,0,0,1,0,0,0,0,0,0,0,1,0,0,Jamie Dornan, Cillian Murphy, Brian Caspe,0
Ridley Scott,117,0,0,0,0,0,1,1,0,0,0,0,0,0,0,0,0,0,1,0,0,Michael Fassbender, Penélope Cruz, Cameron Diaz,0
Andrey Kravchuk,133,1,0,0,0,0,0,1,0,0,1,0,0,0,0,0,0,0,0,0,0,Anton Adasinsky, Aleksandr Armer, Vilen Babichev,0
David Schwimmer,106,0,0,0,0,0,1,1,0,0,0,0,0,0,0,0,0,0,1,0,0,Clive Owen, Catherine Keener, Liana Liberato,0
George Nolfi,103,1,0,0,1,0,0,1,0,0,0,0,0,0,0,0,0,0,0,0,0,Billy Magnussen, Terry Chen, Teresa Navarro,0
Eli Roth,100,0,1,0,0,0,0,0,0,0,0,1,0,0,0,0,0,0,0,0,0,Lorenza Izzo, Ariel Levy, Aaron Burns,0
Gareth Edwards,123,1,1,0,0,0,0,0,0,0,0,0,0,0,0,0,1,0,0,0,0,Aaron Taylor-Johnson, Elizabeth Olsen, Bryan Cranston,0
Tony Gilroy,135,1,1,0,0,0,0,0,0,0,0,0,0,0,1,0,0,0,0,0,0,Jeremy Renner, Rachel Weisz, Edward Norton,0
Ridley Scott,117,0,0,0,0,1,0,1,0,0,0,0,0,0,0,1,0,0,0,0,0,Russell Crowe, Abbie Cornish, Albert Finney,0
Simon Verhoeven,92,0,0,0,0,0,0,0,0,0,0,1,0,0,0,0,0,0,1,0,0,Alycia Debnam-Carey, William Moseley, Connor Paolo,0
Luc Besson,89,1,0,0,0,0,0,0,0,0,0,0,0,0,0,0,1,0,1,0,0,Scarlett Johansson, Morgan Freeman, Min-sik Choi,0
Terence Davies,125,0,0,0,1,0,0,1,0,0,0,0,0,0,0,0,0,0,0,0,0,Cynthia Nixon, Jennifer Ehle, Duncan Duff,0
Scott Waugh,132,1,0,0,0,0,1,1,0,0,0,0,0,0,0,0,0,0,0,0,0,Aaron Paul, Dominic Cooper, Imogen Poots,0
Christopher McQuarrie,130,1,0,0,0,0,1,0,0,0,0,0,0,0,1,0,0,0,0,0,0,Tom Cruise, Rosamund Pike, Richard Jenkins,0
Steven Brill,108,1,1,0,0,1,0,0,0,0,0,0,0,0,0,0,0,0,0,0,0,Adam Sandler, David Spade, Paula Patton,0
Roman Polanski,128,0,0,0,0,0,0,0,0,0,0,0,0,0,1,0,0,0,1,0,0,Ewan McGregor, Pierce Brosnan, Olivia Williams,0
Neil Burger,105,0,0,0,0,0,0,0,0,0,0,0,0,0,1,0,1,0,1,0,0,Bradley Cooper, Anna Friel, Abbie Cornish,0
Jeff Nichols,112,0,0,0,0,0,0,1,0,0,0,0,0,0,1,0,1,0,0,0,0,Michael Shannon, Joel Edgerton, Kirsten Dunst,0
Mike Birbiglia,92,0,0,0,0,1,0,1,0,0,0,0,0,0,0,0,0,0,0,0,0,Keegan-Michael Key, Gillian Jacobs, Mike Birbiglia,0
Tim Burton,108,0,1,0,0,0,0,0,1,1,0,0,0,0,0,0,0,0,0,0,0,Mia Wasikowska, Johnny Depp, Helena Bonham Carter,0
Philippe Falardeau,98,0,0,0,1,0,0,1,0,0,0,0,0,0,0,0,0,1,0,0,0,Elisabeth Moss, Naomi Watts, Ron Perlman,0
Peyton Reed,106,0,0,0,0,1,0,1,0,0,0,0,0,0,0,1,0,0,0,0,0,Jennifer Aniston, Vince Vaughn, Jon Favreau,0
Jeff Nichols,123,0,0,0,1,0,0,1,0,0,0,0,0,0,0,1,0,0,0,0,0,Ruth Negga, Joel Edgerton, Will Dalton,0
Josh Trank,100,1,1,0,0,0,0,0,0,0,0,0,0,0,0,0,1,0,0,0,0,Miles Teller, Kate Mara, Michael B. Jordan,0
Rob Cohen,91,0,0,0,0,0,0,0,0,0,0,0,0,0,1,0,0,0,1,0,0,Jennifer Lopez, Ryan Guzman, Kristin Chenoweth,0
Joel Edgerton,108,0,0,0,0,0,0,0,0,0,0,0,0,0,1,0,0,0,1,0,0,Jason Bateman, Rebecca Hall, Joel Edgerton,0
Gary Shore,92,1,0,0,0,0,0,1,0,1,0,0,0,0,0,0,0,0,0,0,0,Luke Evans, Dominic Cooper, Sarah Gadon,0
Ron Howard,122,1,1,0,1,0,0,0,0,0,0,0,0,0,0,0,0,0,0,0,0,Chris Hemsworth, Cillian Murphy, Brendan Gleeson,0
Mike Judge,84,0,1,0,0,1,0,0,0,0,0,0,0,0,0,0,1,0,0,0,0,Luke Wilson, Maya Rudolph, Dax Shepard,0
Sylvester Stallone,103,1,1,0,0,0,0,0,0,0,0,0,0,0,0,0,0,0,1,0,0,Sylvester Stallone, Jason Statham, Jet Li,0
Fede Alvarez,91,0,0,0,0,0,0,0,0,1,0,1,0,0,0,0,0,0,0,0,0,Jane Levy, Shiloh Fernandez, Jessica Lucas,0
Scott Derrickson,110,0,0,0,0,0,0,0,0,0,0,1,0,0,1,0,0,0,0,0,0,Ethan Hawke, Juliet Rylance, James Ransone,0
Rich Moore,101,0,1,1,0,1,0,0,0,0,0,0,0,0,0,0,0,0,0,0,0,John C. Reilly, Jack McBrayer, Jane Lynch,1
Rupert Sanders,127,1,1,0,0,0,0,1,0,0,0,0,0,0,0,0,0,0,0,0,0,Kristen Stewart, Chris Hemsworth, Charlize Theron,0
Joe Wright,111,0,1,0,0,0,0,0,1,1,0,0,0,0,0,0,0,0,0,0,0,Levi Miller, Hugh Jackman, Garrett Hedlund,0
Michael Bay,154,1,1,0,0,0,0,0,0,0,0,0,0,0,0,0,1,0,0,0,0,Shia LaBeouf, Rosie Huntington-Whiteley, Tyrese Gibson,0
Jason Reitman,96,0,0,0,0,1,0,1,0,0,0,0,0,0,0,0,0,0,0,0,0,Ellen Page, Michael Cera, Jennifer Garner,1
Tom Tykwer,98,0,0,0,0,1,0,1,0,0,0,0,0,0,0,0,0,0,0,0,0,Tom Hanks, Sarita Choudhury, Ben Whishaw,0
Jodie Foster,98,0,0,0,0,0,1,1,0,0,0,0,0,0,0,0,0,0,1,0,0,George Clooney, Julia Roberts, Jack O'Connell,0
Nick Cassavetes,109,0,0,0,0,1,0,0,0,0,0,0,0,0,0,1,0,0,0,0,0,Cameron Diaz, Leslie Mann, Kate Upton,0
Kevin Lima,107,0,0,1,0,1,0,0,1,0,0,0,0,0,0,0,0,0,0,0,0,Amy Adams, Susan Sarandon, James Marsden,0
Nancy Meyers,121,0,0,0,0,1,0,1,0,0,0,0,0,0,0,0,0,0,0,0,0,Robert De Niro, Anne Hathaway, Rene Russo,0
Jonathan Dayton,101,0,0,0,0,1,0,1,0,0,0,0,0,0,0,0,0,0,0,0,0,Steve Carell, Toni Collette, Greg Kinnear,0
Ben Younger,117,0,0,0,1,0,0,1,0,0,0,0,0,0,0,0,0,1,0,0,0,Miles Teller, Aaron Eckhart, Katey Sagal,0
Louis Leterrier,106,1,1,0,0,0,0,0,0,1,0,0,0,0,0,0,0,0,0,0,0,Sam Worthington, Liam Neeson, Ralph Fiennes,0
Craig Gillespie,117,1,0,0,0,0,0,1,0,0,1,0,0,0,0,0,0,0,0,0,0,Chris Pine, Casey Affleck, Ben Foster,0
Joseph Kosinski,125,1,1,0,0,0,0,0,0,0,0,0,0,0,0,0,1,0,0,0,0,Jeff Bridges, Garrett Hedlund, Olivia Wilde,0
Francis Lawrence,146,1,1,0,0,0,0,0,0,0,0,0,0,0,1,0,0,0,0,0,0,Jennifer Lawrence, Josh Hutcherson, Liam Hemsworth,1
Andrew Jarecki,101,0,0,0,0,0,1,1,0,0,0,0,0,0,1,0,0,0,0,0,0,Ryan Gosling, Kirsten Dunst, Frank Langella,0
John Stockwell,90,1,0,0,0,0,0,0,0,0,0,0,0,0,0,0,0,0,0,0,0,Dave Bautista, Alain Moussi, Gina Carano,0
Jake Kasdan,94,0,0,0,0,1,0,0,0,0,0,0,0,0,0,1,0,0,0,0,0,Jason Segel, Cameron Diaz, Rob Corddry,0
Kirk Jones,110,0,0,0,0,1,0,1,0,0,0,0,0,0,0,1,0,0,0,0,0,Cameron Diaz, Matthew Morrison, J. Todd Smith,0
Bennett Miller,133,0,0,0,1,0,0,1,0,0,0,0,0,0,0,0,0,1,0,0,0,Brad Pitt, Robin Wright, Jonah Hill,0
Mark Steven Johnson,114,1,0,0,0,0,0,0,0,1,0,0,0,0,0,0,0,0,1,0,0,Nicolas Cage, Eva Mendes, Sam Elliott,0
Angelina Jolie,137,0,0,0,1,0,0,1,0,0,0,0,0,0,0,0,0,1,0,0,0,Jack O'Connell, Miyavi, Domhnall Gleeson,0
Tarsem Singh,110,1,0,0,0,0,0,1,0,1,0,0,0,0,0,0,0,0,0,0,0,Henry Cavill, Mickey Rourke, John Hurt,0
Danny Boyle,107,0,1,0,0,0,0,0,0,0,0,0,0,0,0,0,1,0,1,0,0,Cillian Murphy, Rose Byrne, Chris Evans,0
Mark Andrews,93,0,1,1,0,1,0,0,0,0,0,0,0,0,0,0,0,0,0,0,0,Kelly Macdonald,Billy Connolly, Emma Thompson,1
Niels Arden Oplev,152,0,0,0,0,0,0,1,0,0,0,0,0,0,1,0,0,0,1,0,0,Michael Nyqvist, Noomi Rapace, Ewa Fröling,0
Anne Fontaine,112,0,0,0,0,0,0,1,0,0,0,0,0,0,0,1,0,0,0,0,0,Naomi Watts, Robin Wright, Xavier Samuel,0
Michaël R. Roskam,106,0,0,0,0,0,1,1,0,0,0,0,0,0,1,0,0,0,0,0,0,Tom Hardy, Noomi Rapace, James Gandolfini,0
Andy Fickman,105,0,0,0,0,1,0,0,0,0,0,0,0,0,0,1,0,1,0,0,0,Amanda Bynes, Laura Ramsey, Channing Tatum,0
Sean Anders,96,0,0,0,0,1,0,0,1,0,0,0,0,0,0,0,0,0,0,0,0,Will Ferrell, Mark Wahlberg, Linda Cardellini,0
Matt Reeves,116,0,0,0,0,0,0,1,0,0,0,1,0,0,1,0,0,0,0,0,0,Kodi Smit-McPhee, Chloë Grace Moretz, Richard Jenkins,0
Jeff Wadlow,110,1,0,0,0,0,0,1,0,0,0,0,0,0,0,0,0,1,0,0,0,Sean Faris, Djimon Hounsou, Amber Heard,0
Louis Leterrier,83,1,1,0,0,1,0,0,0,0,0,0,0,0,0,0,0,0,0,0,0,Sacha Baron Cohen, Mark Strong, Rebel Wilson,0
Duncan Jones,97,0,0,0,0,0,0,1,0,0,0,0,0,0,1,0,1,0,0,0,0,Sam Rockwell, Kevin Spacey, Dominique McElligott,0
Tom McGrath,95,1,0,1,0,1,0,0,0,0,0,0,0,0,0,0,0,0,0,0,0,Will Ferrell, Jonah Hill, Brad Pitt,0
Ruben Fleischer,113,1,0,0,0,0,1,1,0,0,0,0,0,0,0,0,0,0,0,0,0,Sean Penn, Ryan Gosling, Emma Stone,0
Jean-François Richet,88,1,0,0,0,0,1,1,0,0,0,0,0,0,0,0,0,0,0,0,0,Mel Gibson, Erin Moriarty, Diego Luna,0
Alessandro Carloni,95,1,1,1,0,0,0,0,0,0,0,0,0,0,0,0,0,0,0,0,0,Jack Black, Bryan Cranston, Dustin Hoffman,0
Zackary Adler,110,0,0,0,0,0,1,1,0,0,0,0,0,0,0,0,0,0,0,0,0,Matt Vael, Simon Cotton, Kevin Leslie,0
Seth Gordon,98,0,0,0,0,1,1,0,0,0,0,0,0,0,0,0,0,0,0,0,0,Jason Bateman, Charlie Day, Jason Sudeikis,1
Xavier Dolan,139,0,0,0,0,0,0,1,0,0,0,0,0,0,0,0,0,0,0,0,0,Anne Dorval, Antoine-Olivier Pilon, Suzanne Clément,0
Guillermo del Toro,120,1,1,0,0,0,0,0,0,1,0,0,0,0,0,0,0,0,0,0,0,Ron Perlman, Selma Blair, Doug Jones,0
Richard LaGravenese,124,0,0,0,0,0,0,1,0,1,0,0,0,0,0,1,0,0,0,0,0,Alice Englert, Viola Davis, Emma Thompson,0
Maren Ade,162,0,0,0,0,1,0,1,0,0,0,0,0,0,0,0,0,0,0,0,0,Sandra Hüller, Peter Simonischek, Michael Wittenborn,0
Peter Jackson,135,0,0,0,0,0,0,1,0,1,0,0,0,0,0,0,0,0,1,0,0,Rachel Weisz, Mark Wahlberg, Saoirse Ronan,0
Andrew Dominik,160,0,0,0,1,0,1,1,0,0,0,0,0,0,0,0,0,0,0,0,0,Brad Pitt, Casey Affleck, Sam Shepard,0
Joseph Gordon-Levitt,90,0,0,0,0,1,0,1,0,0,0,0,0,0,0,1,0,0,0,0,0,Joseph Gordon-Levitt, Scarlett Johansson,Julianne Moore,0
James Watkins,92,1,0,0,0,0,1,1,0,0,0,0,0,0,0,0,0,0,0,0,0,Idris Elba, Richard Madden, Charlotte Le Bon,0
Joey Curtis,101,0,0,0,0,0,0,0,0,0,0,0,0,0,0,0,1,0,0,0,0,Paul Sidhu, Branden Coles, Arielle Holmes,0
Paco Cabezas,95,1,0,0,0,1,0,0,0,0,0,0,0,0,0,1,0,0,0,0,0,Anna Kendrick, Sam Rockwell, Tim Roth,0
Ben Stiller,114,0,1,0,0,1,0,1,0,0,0,0,0,0,0,0,0,0,0,0,0,Ben Stiller, Kristen Wiig, Jon Daly,0
Rick Famuyiwa,103,0,0,0,0,1,1,1,0,0,0,0,0,0,0,0,0,0,0,0,0,Shameik Moore, Tony Revolori, Kiersey Clemons,0
Måns Mårlind,88,1,0,0,0,0,0,0,0,1,0,1,0,0,0,0,0,0,0,0,0,Kate Beckinsale, Michael Ealy, India Eisley,0
Lars von Trier,108,0,0,0,0,0,0,1,0,0,0,1,0,0,0,0,0,0,0,0,0,Willem Dafoe, Charlotte Gainsbourg, Storm Acheche Sahlstrøm,0
Marcus Nispel,97,0,0,0,0,0,0,0,0,0,0,1,0,0,0,0,0,0,0,0,0,Jared Padalecki, Amanda Righetti, Derek Mears,0
Olivier Megaton,109,1,0,0,0,0,0,0,0,0,0,0,0,0,0,0,0,0,1,0,0,Liam Neeson, Forest Whitaker, Maggie Grace,0
Len Wiseman,118,1,1,0,0,0,0,0,0,0,0,0,0,0,1,0,0,0,0,0,0,Colin Farrell, Bokeem Woodbine, Bryan Cranston,0
Brett Ratner,104,1,1,0,0,0,0,0,0,1,0,0,0,0,0,0,0,0,0,0,0,Patrick Stewart, Hugh Jackman, Halle Berry,0
Shawn Levy,98,0,1,0,0,1,0,0,1,0,0,0,0,0,0,0,0,0,0,0,0,Ben Stiller, Robin Williams, Owen Wilson,0
Edward Zwick,112,0,0,0,0,1,0,1,0,0,0,0,0,0,0,1,0,0,0,0,0,Jake Gyllenhaal, Anne Hathaway, Judy Greer,0
Evan Goldberg,112,0,0,0,0,1,0,0,0,0,0,0,0,0,0,0,0,0,0,0,0,James Franco, Seth Rogen, Randall Park,0
Bong Joon Ho,120,0,0,0,0,1,0,1,0,0,0,1,0,0,0,0,0,0,0,0,0,Kang-ho Song, Hee-Bong Byun, Hae-il Park,0
Judd Apatow,129,0,0,0,0,1,0,0,0,0,0,0,0,0,0,1,0,0,0,0,0,Seth Rogen, Katherine Heigl, Paul Rudd,1
Duncan Jones,93,0,0,0,0,0,0,0,0,0,0,0,0,0,1,1,1,0,0,0,0,Jake Gyllenhaal, Michelle Monaghan, Vera Farmiga,0
John Hillcoat,116,0,0,0,0,0,1,1,0,0,0,0,0,0,0,0,0,0,0,0,0,Tom Hardy, Shia LaBeouf, Guy Pearce,0
Levan Gabriadze,83,0,0,0,0,0,0,1,0,0,0,1,0,0,1,0,0,0,0,0,0,Heather Sossaman, Matthew Bohrer, Courtney Halverson,0
Jon Hurwitz,113,0,0,0,0,1,0,0,0,0,0,0,0,0,0,0,0,0,0,0,0,Jason Biggs, Alyson Hannigan,Seann William Scott,0
Gabriele Muccino,117,0,0,0,1,0,0,1,0,0,0,0,0,0,0,0,0,0,0,0,0,Will Smith, Thandie Newton, Jaden Smith,1
Damián Szifron,122,0,0,0,0,1,0,1,0,0,0,0,0,0,0,0,0,0,1,0,0,Darío Grandinetti, María Marull, Mónica Villa,0
François Ozon,113,0,0,0,0,0,0,1,0,0,1,0,0,0,0,0,0,0,0,1,0,Pierre Niney, Paula Beer, Ernst Stötzner,0
John Wells,101,0,0,0,0,1,0,1,0,0,0,0,0,0,0,0,0,0,0,0,0,Bradley Cooper, Sienna Miller, Daniel Brühl,0
Mark Waters,104,1,0,0,0,1,0,0,0,1,0,0,0,0,0,0,0,0,0,0,0,Zoey Deutch, Lucy Fry, Danila Kozlovsky,0
Tim Burton,116,0,0,0,0,0,0,1,0,0,0,1,1,1,0,0,0,0,0,0,0,Johnny Depp, Helena Bonham Carter, Alan Rickman,0
James Wan,103,0,0,0,0,0,0,0,0,0,0,1,0,0,1,0,0,0,1,0,0,Patrick Wilson, Rose Byrne, Ty Simpkins,0
Akiva Schaffer,87,0,0,0,0,1,0,0,0,0,0,0,1,0,0,0,0,0,0,0,0,Andy Samberg, Jorma Taccone,Akiva Schaffer,0
Michael Mann,140,0,0,0,1,0,1,1,0,0,0,0,0,0,0,0,0,0,0,0,0,Christian Bale, Johnny Depp, Christian Stolte,1
Richard Linklater,165,0,0,0,0,0,0,1,0,0,0,0,0,0,0,0,0,0,0,0,0,Ellar Coltrane, Patricia Arquette, Ethan Hawke,0
Jonathan Liebesman,101,1,1,0,0,1,0,0,0,0,0,0,0,0,0,0,0,0,0,0,0,Megan Fox, Will Arnett, William Fichtner,0
David Cronenberg,100,0,0,0,0,0,1,1,0,0,0,0,0,0,1,0,0,0,0,0,0,Naomi Watts, Viggo Mortensen, Armin Mueller-Stahl,0
Simon Stone,96,0,0,0,0,0,0,1,0,0,0,0,0,0,0,0,0,0,0,0,0,Geoffrey Rush, Nicholas Hope, Sam Neill,0
David Gordon Green,111,1,0,0,0,1,1,0,0,0,0,0,0,0,0,0,0,0,0,0,0,Seth Rogen, James Franco, Gary Cole,1
Jon Kasdan,95,0,0,0,0,1,0,1,0,0,0,0,0,0,0,1,0,0,0,0,0,Dylan O'Brien, Britt Robertson, Victoria Justice,0
Ben Affleck,114,0,0,0,0,0,1,1,0,0,0,0,0,0,1,0,0,0,0,0,0,Morgan Freeman, Ed Harris, Casey Affleck,0
Paul Feig,117,1,0,0,0,1,1,0,0,0,0,0,0,0,0,0,0,0,0,0,0,Sandra Bullock, Michael McDonald, Melissa McCarthy,0
Mia Hansen-Løve,102,0,0,0,0,0,0,1,0,0,0,0,0,0,0,0,0,0,0,0,0,Isabelle Huppert, André Marcon, Roman Kolinka,0
Joe Wright,129,0,0,0,0,0,0,1,0,0,0,0,0,0,0,1,0,0,0,0,0,Keira Knightley, Jude Law, Aaron Taylor-Johnson,0
Alejandro Amenábar,106,0,0,0,0,0,1,1,0,0,0,0,0,0,1,0,0,0,0,0,0,Ethan Hawke, David Thewlis, Emma Watson,0
Seth MacFarlane,115,0,1,0,0,1,0,0,0,0,0,0,0,0,0,1,0,0,0,0,0,Mark Wahlberg, Seth MacFarlane, Amanda Seyfried,0
Michael Bay,129,0,0,0,0,1,1,1,0,0,0,0,0,0,0,0,0,0,0,0,0,Mark Wahlberg, Dwayne Johnson, Anthony Mackie,0
Edward Zwick,143,0,1,0,0,0,0,1,0,0,0,0,0,0,0,0,0,0,1,0,0,Leonardo DiCaprio, Djimon Hounsou, Jennifer Connelly,0
Daniel Espinosa,137,0,0,0,0,0,1,1,0,0,0,0,0,0,0,0,0,0,1,0,0,Tom Hardy, Gary Oldman, Noomi Rapace,0
Kathryn Bigelow,131,0,0,0,0,0,0,1,0,0,1,0,0,0,0,0,0,0,1,0,0,Jeremy Renner, Anthony Mackie, Brian Geraghty,0
Martin Campbell,114,1,1,0,0,0,0,0,0,0,0,0,0,0,0,0,1,0,0,0,0,Ryan Reynolds, Blake Lively, Peter Sarsgaard,0
Frank Darabont,126,0,0,0,0,0,0,0,0,0,0,1,0,0,0,0,0,0,0,0,0,Thomas Jane, Marcia Gay Harden, Laurie Holden,0
Mikael Håfström,115,1,0,0,0,0,1,0,0,0,0,0,0,0,1,0,0,0,0,0,0,Sylvester Stallone, Arnold Schwarzenegger, 50 Cent,0
Christian Ditter,102,0,0,0,0,1,0,0,0,0,0,0,0,0,0,1,0,0,0,0,0,Lily Collins, Sam Claflin, Christian Cooke,0
Ari Sandel,101,0,0,0,0,1,0,0,0,0,0,0,0,0,0,0,0,0,0,0,0,Mae Whitman, Bella Thorne, Robbie Amell,0
Jee-woon Kim,140,1,0,0,0,0,0,1,0,0,0,0,0,0,0,0,0,0,1,0,0,Byung-hun Lee, Yoo Gong, Kang-ho Song,0
Francis Lawrence,123,1,1,0,0,0,0,0,0,0,0,0,0,0,0,0,1,0,0,0,0,Jennifer Lawrence, Josh Hutcherson, Liam Hemsworth,0
Lynne Ramsay,112,0,0,0,0,0,0,1,0,0,0,0,0,0,1,0,0,0,1,0,0,Tilda Swinton, John C. Reilly, Ezra Miller,0
Whit Stillman,90,0,0,0,0,1,0,1,0,0,0,0,0,0,0,1,0,0,0,0,0,Kate Beckinsale, Chloë Sevigny, Xavier Samuel,0
Harald Zwart,130,1,0,0,0,0,0,0,0,1,0,1,0,0,0,0,0,0,0,0,0,Lily Collins, Jamie Campbell Bower, Robert Sheehan,0
Gabriele Muccino,123,0,0,0,0,0,0,1,0,0,0,0,0,0,0,1,0,0,0,0,0,Will Smith, Rosario Dawson, Woody Harrelson,0
Tom Hooper,118,0,0,0,1,0,0,1,0,0,0,0,0,0,0,0,0,0,0,0,0,Colin Firth, Geoffrey Rush, Helena Bonham Carter,1
Steve McQueen,96,0,0,0,1,0,0,1,0,0,0,0,0,0,0,0,0,0,0,0,0,Stuart Graham, Laine Megaw, Brian Milligan,0
Doug Liman,88,1,1,0,0,0,0,0,0,0,0,0,0,0,0,0,1,0,0,0,0,Hayden Christensen, Samuel L. Jackson, Jamie Bell,0
Lee Unkrich,103,0,1,1,0,1,0,0,0,0,0,0,0,0,0,0,0,0,0,0,0,Tom Hanks, Tim Allen, Joan Cusack,1
Tomas Alfredson,122,0,0,0,0,0,0,1,0,0,0,0,0,0,1,0,0,0,1,0,0,Gary Oldman, Colin Firth, Tom Hardy,0
Paul W.S. Anderson,96,1,0,0,0,0,0,0,0,0,0,1,0,0,0,0,1,0,0,0,0,Milla Jovovich, Sienna Guillory, Michelle Rodriguez,0
Gauri Shinde,151,0,0,0,0,0,0,1,0,0,0,0,0,0,0,1,0,0,0,0,0,Alia Bhatt, Shah Rukh Khan, Kunal Kapoor,0
Paul W.S. Anderson,105,1,1,0,0,0,0,1,0,0,0,0,0,0,0,0,0,0,0,0,0,Kit Harington, Emily Browning, Kiefer Sutherland,0
Ang Lee,127,0,1,0,0,0,0,1,0,1,0,0,0,0,0,0,0,0,0,0,0,Suraj Sharma, Irrfan Khan, Adil Hussain,1
Mike Cahill,106,0,0,0,0,0,0,1,0,0,0,0,0,0,0,1,1,0,0,0,0,Michael Pitt, Steven Yeun, Astrid Bergès-Frisbey,0
Len Wiseman,128,1,1,0,0,0,0,0,0,0,0,0,0,0,0,0,0,0,1,0,0,Bruce Willis, Justin Long, Timothy Olyphant,1
Seth MacFarlane,106,0,0,0,0,1,0,0,0,1,0,0,0,0,0,0,0,0,0,0,0,Mark Wahlberg, Mila Kunis, Seth MacFarlane,1
Robert Schwentke,111,1,0,0,0,1,1,0,0,0,0,0,0,0,0,0,0,0,0,0,0,Bruce Willis, Helen Mirren, Morgan Freeman,1
Baz Luhrmann,165,0,1,0,0,0,0,1,0,0,0,0,0,0,0,1,0,0,0,0,0,Nicole Kidman, Hugh Jackman, Shea Adams,0
George Tillman Jr.,98,1,0,0,0,0,1,1,0,0,0,0,0,0,0,0,0,0,0,0,0,Dwayne Johnson, Billy Bob Thornton, Maggie Grace,0
John Krasinski,88,0,0,0,0,1,0,1,0,0,0,0,0,0,0,1,0,0,0,0,0,Sharlto Copley, Charlie Day, Richard Jenkins,0
David Dobkin,141,0,0,0,0,0,1,1,0,0,0,0,0,0,0,0,0,0,0,0,0,Robert Downey Jr., Robert Duvall, Vera Farmiga,0
John Crowley,96,0,0,0,0,0,1,1,0,0,0,0,0,0,1,0,0,0,0,0,0,Eric Bana, Rebecca Hall, Jim Broadbent,0
Michael Bay,150,1,1,0,0,0,0,0,0,0,0,0,0,0,0,0,1,0,0,0,0,Shia LaBeouf, Megan Fox, Josh Duhamel,0
Michael Dudok de Wit,80,0,0,1,0,0,0,0,0,1,0,0,0,0,0,0,0,0,0,0,0,Emmanuel Garijo, Tom Hudson, Baptiste Goy,0
Jorge R. Gutiérrez,95,0,1,1,0,1,0,0,0,0,0,0,0,0,0,0,0,0,0,0,0,Diego Luna, Zoe Saldana, Channing Tatum,0
Denis Villeneuve,131,0,0,0,0,0,0,1,0,0,0,0,0,0,1,0,0,0,0,1,0,Lubna Azabal, Mélissa Désormeaux-Poulin, Maxim Gaudette,0
Bobby Farrelly,116,0,0,0,0,1,0,0,0,0,0,0,0,0,0,1,0,0,0,0,0,Ben Stiller, Michelle Monaghan,Malin Akerman,0
George Miller,108,0,0,1,0,1,0,0,1,0,0,0,0,0,0,0,0,0,0,0,0,Elijah Wood, Brittany Murphy, Hugh Jackman,0
Doug Ellin,104,0,0,0,0,1,0,0,0,0,0,0,0,0,0,0,0,0,0,0,0,Adrian Grenier, Kevin Connolly, Jerry Ferrara,0
Bryan Bertino,86,0,0,0,0,0,0,0,0,0,0,1,0,0,1,0,0,0,1,0,0,Scott Speedman, Liv Tyler, Gemma Ward,0
Darren Aronofsky,138,1,1,0,0,0,0,1,0,0,0,0,0,0,0,0,0,0,0,0,0,Russell Crowe, Jennifer Connelly, Anthony Hopkins,0
Nicholas Stoller,97,0,0,0,0,1,0,0,0,0,0,0,0,0,0,0,0,0,0,0,0,Seth Rogen, Rose Byrne, Zac Efron,0
Lars von Trier,123,0,0,0,0,0,0,1,0,0,0,0,0,0,0,0,0,0,0,0,0,Charlotte Gainsbourg, Stellan Skarsgård, Willem Dafoe,0
Jean-Marc Vallée,115,0,1,0,1,0,0,1,0,0,0,0,0,0,0,0,0,0,0,0,0,Reese Witherspoon, Laura Dern, Gaby Hoffmann,0
Dennis Dugan,102,0,0,0,0,1,0,0,0,0,0,0,0,0,0,0,0,0,0,0,0,Adam Sandler, Salma Hayek, Kevin James,0
Adam Wingard,89,0,0,0,0,0,0,0,0,0,0,1,0,0,0,0,0,0,1,0,0,James Allen McCune, Callie Hernandez, Corbin Reid,0
Harald Zwart,140,1,0,0,0,0,0,1,1,0,0,0,0,0,0,0,0,0,0,0,0,Jackie Chan, Jaden Smith, Taraji P. Henson,0
Tim Burton,113,0,0,0,0,1,0,0,0,1,0,1,0,0,0,0,0,0,0,0,0,Johnny Depp, Michelle Pfeiffer, Eva Green,0
Will Gluck,109,0,0,0,0,1,0,0,0,0,0,0,0,0,0,1,0,0,0,0,0,Mila Kunis, Justin Timberlake, Patricia Clarkson,0
Neil Burger,110,0,0,0,0,0,0,1,0,0,0,0,0,0,1,1,0,0,0,0,0,Edward Norton, Jessica Biel, Paul Giamatti,0
Joe Carnahan,117,1,1,0,0,1,0,0,0,0,0,0,0,0,0,0,0,0,0,0,0,Liam Neeson, Bradley Cooper, Sharlto Copley,0
Adam Wingard,100,0,0,0,0,0,0,0,0,0,0,0,0,0,0,0,0,0,1,0,0,Dan Stevens, Sheila Kelley, Maika Monroe,0
Shawn Levy,119,0,0,0,0,1,0,0,0,0,0,0,0,0,0,0,0,0,0,0,0,Vince Vaughn, Owen Wilson, Rose Byrne,0
Greg Mottola,104,0,1,0,0,1,0,0,0,0,0,0,0,0,0,0,1,0,0,0,0,Simon Pegg, Nick Frost, Seth Rogen,0
Ron Howard,149,0,0,0,0,0,0,0,0,0,0,0,0,0,1,0,0,0,1,0,0,Tom Hanks, Audrey Tautou, Jean Reno,0
Bruce Beresford,104,0,0,0,0,1,0,1,0,0,0,0,0,0,0,0,0,0,0,0,0,Eddie Murphy, Britt Robertson, Natascha McElhone,0
Martin Scorsese,126,0,1,0,0,0,0,1,1,0,0,0,0,0,0,0,0,0,0,0,0,Asa Butterfield, Chloë Grace Moretz, Christopher Lee,0
Oz Perkins,93,0,0,0,0,0,0,0,0,0,0,1,0,0,0,0,0,0,1,0,0,Emma Roberts, Kiernan Shipka, Lauren Holly,0
Ridley Scott,128,1,0,0,0,0,0,1,0,0,0,0,0,0,0,1,0,0,0,0,0,Leonardo DiCaprio, Russell Crowe, Mark Strong,0
Terrence Malick,118,0,0,0,0,0,0,1,0,0,0,0,0,0,0,1,0,0,0,0,0,Christian Bale, Cate Blanchett, Natalie Portman,0
Rob Cohen,112,1,1,0,0,0,0,0,0,1,0,0,0,0,0,0,0,0,0,0,0,Brendan Fraser, Jet Li, Maria Bello,0
Ben Falcone,99,0,0,0,0,1,0,0,0,0,0,0,0,0,0,0,0,0,0,0,0,Melissa McCarthy, Kristen Bell, Peter Dinklage,0
Jonathan Jakubowicz,111,1,0,0,1,0,0,1,0,0,0,0,0,0,0,0,0,0,0,0,0,Edgar Ramírez, Usher Raymond, Robert De Niro,0
Juan José Campanella,129,0,0,0,0,0,0,1,0,0,0,0,0,0,1,1,0,0,0,0,0,Ricardo Darín, Soledad Villamil, Pablo Rago,0
Ethan Coen,110,0,1,0,0,0,0,1,0,0,0,0,0,0,0,0,0,0,0,0,1,Jeff Bridges, Matt Damon, Hailee Steinfeld,1
Max Joseph,96,0,0,0,0,0,0,1,0,0,0,0,1,0,0,1,0,0,0,0,0,Zac Efron, Wes Bentley, Emily Ratajkowski,0
Seth MacFarlane,116,0,0,0,0,1,0,0,0,0,0,0,0,0,0,1,0,0,0,0,1,Seth MacFarlane, Charlize Theron, Liam Neeson,0
Mike Flanagan,99,0,0,0,0,0,0,0,0,0,0,1,0,0,0,0,0,0,1,0,0,Elizabeth Reaser, Lulu Wilson, Annalise Basso,0
Thor Freudenthal,106,0,1,0,0,0,0,0,1,1,0,0,0,0,0,0,0,0,0,0,0,Logan Lerman, Alexandra Daddario, Brandon T. Jackson,0
Gregory Hoblit,113,0,0,0,0,0,1,1,0,0,0,0,0,0,1,0,0,0,0,0,0,Anthony Hopkins, Ryan Gosling, David Strathairn,0
Mike Flanagan,104,0,0,0,0,0,0,0,0,0,0,1,0,0,1,0,0,0,0,0,0,Karen Gillan, Brenton Thwaites, Katee Sackhoff,0
Martin McDonagh,107,0,0,0,0,1,1,1,0,0,0,0,0,0,0,0,0,0,0,0,0,Colin Farrell, Brendan Gleeson, Ciarán Hinds,0
McG,103,1,0,0,0,1,0,0,0,0,0,0,0,0,0,1,0,0,0,0,0,Reese Witherspoon, Chris Pine, Tom Hardy,0
David O. Russell,116,1,0,0,1,0,0,1,0,0,0,0,0,0,0,0,0,0,0,0,0,Mark Wahlberg, Christian Bale, Amy Adams,1
Kirsten Sheridan,114,0,0,0,0,0,0,1,0,0,0,0,1,0,0,0,0,0,0,0,0,Freddie Highmore, Keri Russell, Jonathan Rhys Meyers,0
Jon Favreau,114,0,0,0,0,1,0,1,0,0,0,0,0,0,0,0,0,0,0,0,0,Jon Favreau, Robert Downey Jr., Scarlett Johansson,0
Gavin Hood,102,0,0,0,0,0,0,1,0,0,0,0,0,0,0,0,0,0,1,1,0,Helen Mirren, Aaron Paul, Alan Rickman,0
D.J. Caruso,118,1,0,0,0,0,0,0,0,0,0,0,0,0,1,0,0,0,1,0,0,Shia LaBeouf, Michelle Monaghan, Rosario Dawson,0
James DeMonaco,85,0,0,0,0,0,0,0,0,0,0,1,0,0,0,0,1,0,1,0,0,Ethan Hawke, Lena Headey, Max Burkholder,0
Rajkumar Hirani,153,0,0,0,0,1,0,1,0,0,0,0,0,0,0,1,0,0,0,0,0,Aamir Khan, Anushka Sharma, Sanjay Dutt,0
Steven Spielberg,122,1,1,0,0,0,0,0,0,1,0,0,0,0,0,0,0,0,0,0,0,Harrison Ford, Cate Blanchett, Shia LaBeouf,0
Jake Schreier,109,0,0,0,0,0,0,1,0,0,0,0,0,0,1,1,0,0,0,0,0,Nat Wolff, Cara Delevingne, Austin Abrams,0
Ben Wheatley,119,0,0,0,0,0,0,1,0,0,0,0,0,0,0,0,0,0,0,0,0,Tom Hiddleston, Jeremy Irons, Sienna Miller,0
Marc Forster,106,1,1,0,0,0,0,0,0,0,0,0,0,0,0,0,0,0,1,0,0,Daniel Craig, Olga Kurylenko, Mathieu Amalric,0
Dean DeBlois,98,1,1,1,0,0,0,0,0,0,0,0,0,0,0,0,0,0,0,0,0,Jay Baruchel, Gerard Butler,Christopher Mintz-Plasse,1
M. Night Shyamalan,110,0,0,0,0,0,0,1,0,1,0,0,0,0,1,0,0,0,0,0,0,Paul Giamatti, Bryce Dallas Howard, Jeffrey Wright,0
Darren Aronofsky,96,0,0,0,0,0,0,1,0,0,0,0,0,0,0,0,1,0,0,0,0,Hugh Jackman, Rachel Weisz, Sean Patrick Thomas,0
John Lasseter,106,0,1,1,0,1,0,0,0,0,0,0,0,0,0,0,0,0,0,0,0,Owen Wilson, Larry the Cable Guy,Michael Caine,0
Rob Zombie,102,0,0,0,0,0,0,0,0,0,0,1,0,0,0,0,0,0,1,0,0,Malcolm McDowell, Richard Brake, Jeff Daniel Phillips,0
Jaume Collet-Serra,113,1,0,0,0,0,0,0,0,0,0,0,0,0,1,0,0,0,1,0,0,Liam Neeson, Diane Kruger, January Jones,0
Tarsem Singh,117,1,0,0,0,0,0,0,0,0,0,0,0,0,1,0,1,0,0,0,0,Ryan Reynolds, Natalie Martinez, Matthew Goode,0
Bruce A. Evans,120,0,0,0,0,0,1,1,0,0,0,0,0,0,0,0,0,0,1,0,0,Kevin Costner, Demi Moore, William Hurt,0
Chris Evans,95,0,0,0,0,1,0,1,0,0,0,0,0,0,0,1,0,0,0,0,0,Chris Evans, Alice Eve, Emma Fitzpatrick,0
Paul Greengrass,134,0,0,0,1,0,0,1,0,0,0,0,0,0,0,0,0,0,1,0,0,Tom Hanks, Barkhad Abdi, Barkhad Abdirahman,1
Stewart Hendler,92,1,1,0,0,0,0,0,1,0,0,0,0,0,0,0,0,0,0,0,0,Ben Winchell, Josh Brener, Maria Bello,0
Genndy Tartakovsky,89,0,0,1,0,1,0,0,1,0,0,0,0,0,0,0,0,0,0,0,0,Adam Sandler, Andy Samberg, Selena Gomez,0
Peter Berg,92,1,0,0,0,0,1,1,0,0,0,0,0,0,0,0,0,0,0,0,0,Will Smith, Charlize Theron, Jason Bateman,0
Jason Moore,118,0,0,0,0,1,0,0,0,0,0,0,0,0,0,0,0,0,0,0,0,Amy Poehler, Tina Fey, Maya Rudolph,0
Luc Besson,111,0,0,0,0,1,1,0,0,0,0,0,0,0,0,0,0,0,1,0,0,Robert De Niro, Michelle Pfeiffer, Dianna Agron,0
Kevin Smith,101,0,0,0,0,1,0,0,0,0,0,0,0,0,0,1,0,0,0,0,0,Seth Rogen, Elizabeth Banks, Craig Robinson,0
Claude Barras,66,0,0,1,0,1,0,1,0,0,0,0,0,0,0,0,0,0,0,0,0,Gaspard Schlatter, Sixtine Murat, Paulin Jaccoud,0
Asger Leth,102,1,0,0,0,0,1,0,0,0,0,0,0,0,0,0,0,0,1,0,0,Sam Worthington, Elizabeth Banks, Jamie Bell,0
Ivan Reitman,108,0,0,0,0,1,0,0,0,0,0,0,0,0,0,1,0,0,0,0,0,Natalie Portman, Ashton Kutcher, Kevin Kline,0
Werner Herzog,120,0,1,0,1,0,0,1,0,0,0,0,0,0,0,0,0,0,0,0,0,Christian Bale, Steve Zahn, Jeremy Davies,0
Pierre Coffin,98,0,1,1,0,1,0,0,0,0,0,0,0,0,0,0,0,0,0,0,0,Steve Carell, Kristen Wiig, Benjamin Bratt,1
Scott Frank,114,0,0,0,0,0,1,1,0,0,0,0,0,0,1,0,0,0,0,0,0,Liam Neeson, Dan Stevens, David Harbour,0
Edgar Wright,109,1,0,0,0,1,0,0,0,0,0,0,0,0,0,0,1,0,0,0,0,Simon Pegg, Nick Frost, Martin Freeman,0
Martin McDonagh,110,0,0,0,0,1,1,0,0,0,0,0,0,0,0,0,0,0,0,0,0,Colin Farrell, Woody Harrelson, Sam Rockwell,0
Robert Zemeckis,115,1,1,1,0,0,0,0,0,0,0,0,0,0,0,0,0,0,0,0,0,Ray Winstone, Crispin Glover, Angelina Jolie,0
Kenneth Branagh,105,1,0,0,0,0,0,1,0,0,0,0,0,0,0,0,0,0,1,0,0,Chris Pine, Kevin Costner, Keira Knightley,0
Mikael Håfström,104,0,0,0,0,0,0,0,0,1,0,1,0,0,0,0,0,0,0,0,0,John Cusack, Samuel L. Jackson, Mary McCormack,0
Rupert Wyatt,111,0,0,0,0,0,1,1,0,0,0,0,0,0,0,0,0,0,1,0,0,Mark Wahlberg, Jessica Lange, John Goodman,0
Mike Newell,116,1,1,0,0,0,0,0,0,1,0,0,0,0,0,0,0,0,0,0,0,Jake Gyllenhaal, Gemma Arterton, Ben Kingsley,0
James Ponsoldt,95,0,0,0,0,1,0,1,0,0,0,0,0,0,0,1,0,0,0,0,0,Miles Teller, Shailene Woodley, Kyle Chandler,0
Amma Asante,111,0,0,0,1,0,0,1,0,0,0,0,0,0,0,1,0,0,0,0,0,David Oyelowo, Rosamund Pike, Tom Felton,0
François Simard,93,1,1,0,0,1,0,0,0,0,0,0,0,0,0,0,0,0,0,0,0,Munro Chambers, Laurence Leboeuf, Michael Ironside,0
Andrés Muschietti,100,0,0,0,0,0,0,0,0,0,0,1,0,0,0,0,0,0,1,0,0,Jessica Chastain, Nikolaj Coster-Waldau, Megan Charpentier,0
Jaume Collet-Serra,123,0,0,0,0,0,0,0,0,0,0,1,0,0,1,0,0,0,1,0,0,Vera Farmiga, Peter Sarsgaard, Isabelle Fuhrman,0
Woody Allen,112,0,0,0,0,1,0,0,0,0,0,0,0,0,0,1,0,0,0,0,0,Woody Allen, Penélope Cruz, Jesse Eisenberg,0
Wes Anderson,87,0,1,1,0,1,0,0,0,0,0,0,0,0,0,0,0,0,0,0,0,George Clooney, Meryl Streep, Bill Murray,0
Spike Lee,129,0,0,0,0,0,1,1,0,0,0,0,0,0,1,0,0,0,0,0,0,Denzel Washington, Clive Owen, Jodie Foster,1
Danny Boyle,94,0,1,0,1,0,0,1,0,0,0,0,0,0,0,0,0,0,0,0,0,James Franco, Amber Tamblyn, Kate Mara,0
John R. Leonetti,99,0,0,0,0,0,0,0,0,0,0,1,0,0,1,0,0,0,1,0,0,Ward Horton, Annabelle Wallis, Alfre Woodard,0
Terry Gilliam,123,0,1,0,0,0,0,0,0,1,0,0,0,0,1,0,0,0,0,0,0,Christopher Plummer, Lily Cole, Heath Ledger,0
Stephen Sommers,118,1,1,0,0,0,0,0,0,0,0,0,0,0,0,0,1,0,0,0,0,Dennis Quaid, Channing Tatum, Marlon Wayans,0
Antonio Campos,119,0,0,0,1,0,0,1,0,0,0,0,0,0,0,0,0,0,0,0,0,Rebecca Hall, Michael C. Hall, Tracy Letts,0
Jason Friedberg,87,0,0,0,0,1,0,0,0,0,0,0,0,0,0,0,0,0,0,0,0,Carmen Electra, Vanessa Lachey,Nicole Parker,0
Sylvester Stallone,102,0,0,0,0,0,0,1,0,0,0,0,0,0,0,0,0,1,0,0,0,Sylvester Stallone, Antonio Tarver, Milo Ventimiglia,0
David Bowers,94,0,0,0,0,1,0,0,1,0,0,0,0,0,0,0,0,0,0,0,0,Zachary Gordon, Robert Capron, Devon Bostick,0
Cary Joji Fukunaga,120,0,0,0,0,0,0,1,0,0,0,0,0,0,0,1,0,0,0,0,0,Mia Wasikowska, Michael Fassbender, Jamie Bell,0
Andy Tennant,112,1,1,0,0,1,0,0,0,0,0,0,0,0,0,0,0,0,0,0,0,Matthew McConaughey, Kate Hudson, Donald Sutherland,0
Larry Charles,83,0,0,0,0,1,0,0,0,0,0,0,0,0,0,0,0,0,0,0,0,Sacha Baron Cohen, Anna Faris, John C. Reilly,0
Erik Van Looy,108,0,0,0,0,0,0,0,0,0,0,0,0,0,1,1,0,0,1,0,0,Karl Urban, James Marsden, Wentworth Miller,0
Cristian Mungiu,128,0,0,0,0,0,1,1,0,0,0,0,0,0,0,0,0,0,0,0,0,Adrian Titieni, Maria-Victoria Dragus, Lia Bugnar,0
Dennis Dugan,113,1,0,0,0,1,0,0,0,0,0,0,0,0,0,0,0,0,0,0,0,Adam Sandler, John Turturro, Emmanuelle Chriqui,0
Sean Anders,108,0,0,0,0,1,1,0,0,0,0,0,0,0,0,0,0,0,0,0,0,Jason Bateman, Jason Sudeikis, Charlie Day,0
Luca Guadagnino,125,0,0,0,0,0,0,1,0,0,0,0,0,0,0,0,0,0,1,0,0,Tilda Swinton, Matthias Schoenaerts, Ralph Fiennes,0
Lars von Trier,135,0,0,0,0,0,0,1,0,0,0,0,0,0,0,0,0,0,0,0,0,Kirsten Dunst, Charlotte Gainsbourg, Kiefer Sutherland,0
Ron Clements,97,0,1,1,0,1,0,0,0,0,0,0,0,0,0,0,0,0,0,0,0,Anika Noni Rose, Keith David, Oprah Winfrey,0
Tony Scott,98,1,0,0,0,0,0,0,0,0,0,0,0,0,0,0,0,0,1,0,0,Denzel Washington, Chris Pine, Rosario Dawson,0
Robert Zemeckis,138,0,0,0,0,0,0,1,0,0,0,0,0,0,0,0,0,0,1,0,0,Denzel Washington, Nadine Velazquez, Don Cheadle,1
Tim Johnson,94,0,1,1,0,1,0,0,0,0,0,0,0,0,0,0,0,0,0,0,0,Jim Parsons, Rihanna, Steve Martin,0
Giuseppe Tornatore,131,0,0,0,0,0,1,1,0,0,0,0,0,0,1,0,0,0,0,0,0,Geoffrey Rush, Jim Sturgess, Sylvia Hoeks,0
Brian Helgeland,128,0,0,0,1,0,0,1,0,0,0,0,0,0,0,0,0,1,0,0,0,Chadwick Boseman, T.R. Knight, Harrison Ford,0
Robert Luketic,123,0,0,0,0,0,1,1,0,0,0,0,0,0,0,0,0,0,1,0,0,Jim Sturgess, Kate Bosworth, Kevin Spacey,0
John Carney,104,0,0,0,0,0,0,1,0,0,0,0,1,0,0,0,0,0,0,0,0,Keira Knightley, Mark Ruffalo, Adam Levine,0
Scott Cooper,116,0,0,0,0,0,1,1,0,0,0,0,0,0,0,0,0,0,1,0,0,Christian Bale, Casey Affleck, Zoe Saldana,0
Woody Allen,96,0,0,0,0,0,0,1,0,0,0,0,0,0,0,1,0,0,0,0,0,Rebecca Hall, Scarlett Johansson, Javier Bardem,0
Mark Osborne,92,1,1,1,0,0,0,0,0,0,0,0,0,0,0,0,0,0,0,0,0,Jack Black, Ian McShane,Angelina Jolie,1
Malcolm D. Lee,111,0,0,0,0,1,0,1,0,0,0,0,0,0,0,0,0,0,0,0,0,Ice Cube, Regina Hall, Anthony Anderson,0
McG,115,1,1,0,0,0,0,1,0,0,0,0,0,0,0,0,0,0,0,0,0,Christian Bale, Sam Worthington, Anton Yelchin,0
Richard LaGravenese,123,0,0,0,1,0,1,1,0,0,0,0,0,0,0,0,0,0,0,0,0,Hilary Swank, Imelda Staunton, Patrick Dempsey,0
Alexandre Aja,107,0,0,0,0,0,0,0,0,0,0,1,0,0,0,0,0,0,0,0,0,Ted Levine, Kathleen Quinlan, Dan Byrd,0
Clint Eastwood,141,0,0,0,1,0,0,1,0,0,0,0,0,0,1,0,0,0,0,0,0,Angelina Jolie, Colm Feore, Amy Ryan,0
Allen Coulter,113,0,0,0,0,0,0,1,0,0,0,0,0,0,0,1,0,0,0,0,0,Robert Pattinson, Emilie de Ravin, Caitlyn Rund,0
Miguel Arteta,81,0,0,0,0,1,0,0,1,0,0,0,0,0,0,0,0,0,0,0,0,Steve Carell, Jennifer Garner, Ed Oxenbould,0
Steven Knight,85,0,0,0,0,0,0,1,0,0,0,0,0,0,0,0,0,0,0,0,0,Tom Hardy, Olivia Colman, Ruth Wilson,0
Alexandre Aja,120,0,0,0,0,0,0,1,0,1,0,1,0,0,0,0,0,0,0,0,0,Daniel Radcliffe, Juno Temple, Max Minghella,0
James Schamus,110,0,0,0,0,0,0,1,0,0,0,0,0,0,0,1,0,0,0,0,0,Logan Lerman, Sarah Gadon, Tijuana Ricks,0
Kyle Patrick Alvarez,122,0,0,0,1,0,0,1,0,0,1,0,0,0,0,0,0,0,0,0,0,Ezra Miller, Tye Sheridan, Billy Crudup,0
David Bowers,99,0,0,0,0,1,0,0,1,0,0,0,0,0,0,0,0,0,0,0,0,Zachary Gordon, Devon Bostick, Robert Capron,0
J.J. Abrams,126,1,1,0,0,0,0,0,0,0,0,0,0,0,0,0,0,0,1,0,0,Tom Cruise, Michelle Monaghan, Ving Rhames,1
Hannes Holm,116,0,0,0,0,1,0,1,0,0,0,0,0,0,0,0,0,0,0,0,0,Rolf Lassgård, Bahar Pars, Filip Berg,0
James Wong,85,1,1,0,0,0,0,0,0,1,0,0,0,0,0,0,0,0,0,0,0,Justin Chatwin, James Marsters, Yun-Fat Chow,0
Dan Bradley,93,1,0,0,0,0,0,0,0,0,0,0,0,0,0,0,0,0,1,0,0,Chris Hemsworth, Isabel Lucas, Josh Hutcherson,0
Lone Scherfig,107,0,0,0,0,0,0,1,0,0,0,0,0,0,0,1,0,0,0,0,0,Anne Hathaway, Jim Sturgess, Patricia Clarkson,0
Greg Berlanti,114,0,0,0,0,1,0,1,0,0,0,0,0,0,0,1,0,0,0,0,0,Katherine Heigl, Josh Duhamel, Josh Lucas,0
Juan Carlos Fresnadillo,100,0,0,0,0,0,0,1,0,0,0,1,0,0,0,0,1,0,0,0,0,Jeremy Renner, Rose Byrne, Robert Carlyle,0
Jonathan Levine,98,0,0,0,0,1,0,0,0,0,0,1,0,0,0,1,0,0,0,0,0,Nicholas Hoult, Teresa Palmer, John Malkovich,0
Woody Allen,98,0,0,0,0,0,0,1,0,0,0,0,0,0,0,0,0,0,0,0,0,Cate Blanchett, Alec Baldwin, Peter Sarsgaard,0
Jon M. Chu,110,1,1,0,0,0,0,0,0,0,0,0,0,0,0,0,1,0,0,0,0,Dwayne Johnson, Channing Tatum, Adrianne Palicki,0
Jonathan Liebesman,99,1,1,0,0,0,0,0,0,1,0,0,0,0,0,0,0,0,0,0,0,Sam Worthington, Liam Neeson, Rosamund Pike,0
Hideaki Anno,120,1,1,0,0,0,0,1,0,0,0,0,0,0,0,0,0,0,0,0,0,Hiroki Hasegawa, Yutaka Takenouchi,Satomi Ishihara,0
John Lee Hancock,125,0,0,0,1,1,0,1,0,0,0,0,0,0,0,0,0,0,0,0,0,Emma Thompson, Tom Hanks, Annie Rose Buckley,0
Wally Pfister,119,0,0,0,0,0,0,1,0,0,0,0,0,0,1,1,0,0,0,0,0,Johnny Depp, Rebecca Hall, Morgan Freeman,0
Carlos Saldanha,96,0,1,1,0,1,0,0,0,0,0,0,0,0,0,0,0,0,0,0,0,Jesse Eisenberg, Anne Hathaway, George Lopez,0
Drake Doremus,101,0,0,0,0,0,0,1,0,0,0,0,0,0,0,1,1,0,0,0,0,Nicholas Hoult, Kristen Stewart, Vernetta Lopez,0
Alejandro González Iñárritu,143,0,0,0,0,0,0,1,0,0,0,0,0,0,0,0,0,0,0,0,0,Brad Pitt, Cate Blanchett, Gael García Bernal,0
Terrence Malick,139,0,0,0,0,0,0,1,0,1,0,0,0,0,0,0,0,0,0,0,0,Brad Pitt, Sean Penn, Jessica Chastain,0
Scott Hicks,101,0,0,0,0,0,0,1,0,0,0,0,0,0,0,1,0,0,0,0,0,Zac Efron, Taylor Schilling, Blythe Danner,0
Alexandre Aja,88,0,0,0,0,1,0,0,0,0,0,1,0,0,0,0,0,0,1,0,0,Elisabeth Shue, Jerry O'Connell, Richard Dreyfuss,0
Jonathan Levine,100,0,0,0,0,1,0,1,0,0,0,0,0,0,0,1,0,0,0,0,0,Joseph Gordon-Levitt, Seth Rogen, Anna Kendrick,0
Shawn Levy,127,1,0,0,0,0,0,1,1,0,0,0,0,0,0,0,0,0,0,0,0,Hugh Jackman, Evangeline Lilly, Dakota Goyo,1
Michael Patrick King,145,0,0,0,0,1,0,1,0,0,0,0,0,0,0,1,0,0,0,0,0,Sarah Jessica Parker, Kim Cattrall, Cynthia Nixon,0
Sylvester Stallone,92,1,0,0,0,0,0,0,0,0,0,0,0,0,0,0,0,0,1,1,0,Sylvester Stallone, Julie Benz, Matthew Marsden,0
Tarsem Singh,117,0,1,0,0,1,0,1,0,0,0,0,0,0,0,0,0,0,0,0,0,Lee Pace, Catinca Untaru, Justine Waddell,0
Robert Luketic,96,0,0,0,0,1,0,0,0,0,0,0,0,0,0,1,0,0,0,0,0,Katherine Heigl, Gerard Butler, Bree Turner,0
Gary Winick,89,0,0,0,0,1,0,0,0,0,0,0,0,0,0,1,0,0,0,0,0,Kate Hudson, Anne Hathaway, Candice Bergen,0
Leslye Headland,101,0,0,0,0,1,0,1,0,0,0,0,0,0,0,1,0,0,0,0,0,Jason Sudeikis, Alison Brie, Jordan Carlos,0
David R. Ellis,105,1,1,0,0,0,1,0,0,0,0,0,0,0,0,0,0,0,0,0,0,Samuel L. Jackson, Julianna Margulies, Nathan Phillips,0
Michael Dowse,98,0,0,0,0,1,0,0,0,0,0,0,0,0,0,1,0,0,0,0,0,Daniel Radcliffe, Zoe Kazan, Megan Park,0
Dean DeBlois,102,1,1,1,0,0,0,0,0,0,0,0,0,0,0,0,0,0,0,0,0,Jay Baruchel, Cate Blanchett, Gerard Butler,1
José Padilha,117,1,0,0,0,0,1,0,0,0,0,0,0,0,0,0,1,0,0,0,0,Joel Kinnaman, Gary Oldman, Michael Keaton,0
Michael Showalter,95,0,0,0,0,1,0,1,0,0,0,0,0,0,0,1,0,0,0,0,0,Sally Field, Max Greenfield, Tyne Daly,0
Steven Soderbergh,122,0,0,0,0,0,1,0,0,0,0,0,0,0,0,0,0,0,1,0,0,George Clooney, Brad Pitt, Matt Damon,1
James Gunn,95,0,0,0,0,1,0,0,0,0,0,1,0,0,0,0,1,0,0,0,0,Nathan Fillion, Elizabeth Banks, Michael Rooker,0
Steven Soderbergh,106,0,0,0,0,0,0,1,0,0,0,0,0,0,0,0,0,0,1,0,0,Matt Damon, Kate Winslet, Jude Law,0
Matteo Garrone,133,0,0,0,0,0,0,1,0,1,0,1,0,0,0,0,0,0,0,0,0,Salma Hayek, Vincent Cassel, Toby Jones,0
Gabor Csupo,96,0,1,0,0,0,0,1,1,0,0,0,0,0,0,0,0,0,0,0,0,Josh Hutcherson, AnnaSophia Robb, Zooey Deschanel,0
James Ward Byrkit,89,0,0,0,0,0,0,0,0,0,0,0,0,0,1,0,1,0,1,0,0,Emily Baldoni, Maury Sterling, Nicholas Brendon,0
George Tillman Jr.,122,0,0,0,1,0,1,1,0,0,0,0,0,0,0,0,0,0,0,0,0,Jamal Woolard, Anthony Mackie, Derek Luke,0
Hong-jin Na,156,0,0,0,0,0,0,1,0,1,0,1,0,0,0,0,0,0,0,0,0,Jun Kunimura, Jung-min Hwang, Do-won Kwak,0
Simon West,103,1,1,0,0,0,0,0,0,0,0,0,0,0,0,0,0,0,1,0,0,Sylvester Stallone, Liam Hemsworth, Randy Couture,0
Tom Tykwer,147,0,0,0,0,0,1,1,0,1,0,0,0,0,0,0,0,0,0,0,0,Ben Whishaw, Dustin Hoffman, Alan Rickman,0
Chris Weitz,113,0,1,0,0,0,0,0,1,1,0,0,0,0,0,0,0,0,0,0,0,Nicole Kidman, Daniel Craig, Dakota Blue Richards,0
Neil Marshall,97,1,1,0,0,0,0,1,0,0,0,0,0,0,0,0,0,0,0,0,0,Michael Fassbender, Dominic West, Olga Kurylenko,0
Christopher Landon,93,1,0,0,0,1,0,0,0,0,0,1,0,0,0,0,0,0,0,0,0,Tye Sheridan, Logan Miller, Joey Morgan,0
Burr Steers,102,0,0,0,0,1,0,1,1,0,0,0,0,0,0,0,0,0,0,0,0,Zac Efron, Matthew Perry, Leslie Mann,0
John Erick Dowdle,103,1,0,0,0,0,0,0,0,0,0,0,0,0,0,0,0,0,1,0,0,Lake Bell, Pierce Brosnan, Owen Wilson,0
Bryan Singer,154,1,1,0,0,0,0,0,0,0,0,0,0,0,0,0,1,0,0,0,0,Brandon Routh, Kevin Spacey, Kate Bosworth,0
Bill Condon,117,0,1,0,0,0,0,1,0,1,0,0,0,0,0,0,0,0,0,0,0,Kristen Stewart, Robert Pattinson, Taylor Lautner,0
Lee Daniels,110,0,0,0,0,0,0,1,0,0,0,0,0,0,0,0,0,0,0,0,0,Gabourey Sidibe, Mo'Nique, Paula Patton,0
Gus Van Sant,110,0,0,0,0,0,0,1,0,0,0,0,0,0,0,0,0,0,0,0,0,Matthew McConaughey, Naomi Watts, Ken Watanabe,0
Craig Brewer,113,0,0,0,0,1,0,1,0,0,0,0,1,0,0,0,0,0,0,0,0,Kenny Wormald, Julianne Hough, Dennis Quaid,0
R.J. Cutler,107,0,0,0,0,0,0,1,0,1,0,0,1,0,0,0,0,0,0,0,0,Chloë Grace Moretz, Mireille Enos, Jamie Blackley,0
Anna Biller,120,0,0,0,0,1,0,0,0,0,0,1,0,0,0,0,0,0,0,0,0,Samantha Robinson, Jeffrey Vincent Parise, Laura Waddell,0
Adam McKay,108,1,0,0,0,1,0,0,0,0,0,0,0,0,0,0,0,1,0,0,0,Will Ferrell, John C. Reilly, Sacha Baron Cohen,0
Tom Six,92,0,0,0,0,0,0,0,0,0,0,1,0,0,0,0,0,0,0,0,0,Dieter Laser, Ashley C. Williams, Ashlynn Yennie,0
James Gunn,96,0,0,0,0,1,0,1,0,0,0,0,0,0,0,0,0,0,0,0,0,Rainn Wilson, Ellen Page, Liv Tyler,0
Ryûhei Kitamura,98,0,0,0,0,0,0,0,0,0,0,1,0,0,1,0,0,0,0,0,0,Vinnie Jones, Bradley Cooper, Leslie Bibb,0
David Slade,124,0,1,0,0,0,0,1,0,1,0,0,0,0,0,0,0,0,0,0,0,Kristen Stewart, Robert Pattinson, Taylor Lautner,0
Mark Mylod,106,0,0,0,0,1,0,0,0,0,0,0,0,0,0,1,0,0,0,0,0,Anna Faris, Chris Evans, Ari Graynor,0
David Twohy,119,1,0,0,0,0,0,0,0,0,0,0,0,0,0,0,1,0,1,0,0,Vin Diesel, Karl Urban, Katee Sackhoff,0
Justin Kelly,91,0,0,0,0,0,1,1,0,0,0,0,0,0,0,0,0,0,0,0,0,Garrett Clayton, Christian Slater, Molly Ringwald,0
M. Night Shyamalan,100,1,1,0,0,0,0,0,0,0,0,0,0,0,0,0,1,0,0,0,0,Jaden Smith, David Denman, Will Smith,0
Justin Tipping,80,0,1,0,0,0,0,0,0,0,0,0,0,0,0,0,0,0,0,0,0,Jahking Guillory, Christopher Jordan Wallace,Christopher Meyer,0
Alfonso Gomez-Rejon,105,0,0,0,0,1,0,1,0,0,0,0,0,0,0,0,0,0,0,0,0,Thomas Mann, RJ Cyler, Olivia Cooke,0
Alexander Payne,115,0,0,0,0,1,0,1,0,0,0,0,0,0,0,0,0,0,0,0,0,George Clooney, Shailene Woodley, Amara Miller,0
Michael Patrick King,146,0,0,0,0,1,0,1,0,0,0,0,0,0,0,1,0,0,0,0,0,Sarah Jessica Parker, Kim Cattrall, Kristin Davis,0
Jordan Vogt-Roberts,95,0,1,0,0,1,0,1,0,0,0,0,0,0,0,0,0,0,0,0,0,Nick Robinson, Gabriel Basso, Moises Arias,0
Paul W.S. Anderson,105,1,0,0,0,0,0,0,0,0,0,0,0,0,0,0,1,0,1,0,0,Jason Statham, Joan Allen, Tyrese Gibson,0
Tom Gormican,94,0,0,0,0,1,0,0,0,0,0,0,0,0,0,1,0,0,0,0,0,Zac Efron, Michael B. Jordan, Miles Teller,0
Scott Stewart,100,1,0,0,0,0,0,0,0,1,0,1,0,0,0,0,0,0,0,0,0,Paul Bettany, Dennis Quaid, Charles S. Dutton,0
David Ayer,109,0,0,0,0,0,1,1,0,0,0,0,0,0,0,0,0,0,1,0,0,Jake Gyllenhaal, Michael Peña, Anna Kendrick,0
McG,117,1,0,0,0,0,0,1,0,0,0,0,0,0,0,0,0,0,1,0,0,Kevin Costner, Hailee Steinfeld, Connie Nielsen,0
Paul McGuigan,110,0,0,0,0,0,1,1,0,0,0,0,0,0,1,0,0,0,0,0,0,Josh Hartnett, Ben Kingsley, Morgan Freeman,0
Danny Boyle,101,0,0,0,0,0,1,1,0,0,0,0,0,0,1,0,0,0,0,0,0,James McAvoy, Rosario Dawson, Vincent Cassel,0
Patricia Rozema,101,0,0,0,0,0,0,1,0,0,0,0,0,0,0,0,1,0,1,0,0,Ellen Page, Evan Rachel Wood, Max Minghella,0
Justin Chadwick,115,0,0,0,1,0,0,1,0,0,1,0,0,0,0,0,0,0,0,0,0,Natalie Portman, Scarlett Johansson, Eric Bana,0
Steven R. Monroe,108,0,0,0,0,0,1,0,0,0,0,1,0,0,0,0,0,0,1,0,0,Sarah Butler, Jeff Branson, Andrew Howard,0
John Luessenhop,92,0,0,0,0,0,0,0,0,0,0,1,0,0,0,0,0,0,1,0,0,Alexandra Daddario, Tania Raymonde, Scott Eastwood,0
Adam Shankman,123,0,0,0,0,1,0,1,0,0,0,0,1,1,0,0,0,0,0,0,0,Julianne Hough, Diego Boneta, Tom Cruise,0
Wes Craven,111,0,0,0,0,0,0,0,0,0,0,1,0,0,1,0,0,0,0,0,0,Neve Campbell, Courteney Cox, David Arquette,0
Mira Nair,124,0,0,0,1,0,0,1,0,0,0,0,0,0,0,0,0,1,0,0,0,Madina Nalwanga, David Oyelowo, Lupita Nyong'o,0
Kirk Jones,94,0,0,0,0,1,0,0,1,0,0,0,0,0,0,1,0,0,0,0,0,Nia Vardalos, John Corbett, Michael Constantine,0
Pedro Almodóvar,120,0,0,0,0,0,0,1,0,0,0,0,0,0,0,0,0,0,1,0,0,Antonio Banderas, Elena Anaya, Jan Cornet,0
Patricia Riggen,109,0,0,0,1,0,0,1,1,0,0,0,0,0,0,0,0,0,0,0,0,Jennifer Garner, Kylie Rogers, Martin Henderson,0
Will Gluck,118,0,0,0,0,1,0,1,1,0,0,0,0,0,0,0,0,0,0,0,0,Quvenzhané Wallis, Cameron Diaz, Jamie Foxx,0
Julie Taymor,133,0,0,0,0,0,0,1,0,1,0,0,1,1,0,0,0,0,0,0,0,Evan Rachel Wood, Jim Sturgess, Joe Anderson,0
Luke Greenfield,104,0,0,0,0,1,0,0,0,0,0,0,0,0,0,0,0,0,0,0,0,Jake Johnson, Damon Wayans Jr., Rob Riggle,0
Boaz Yakin,111,0,1,0,0,0,0,0,1,0,0,0,0,0,0,0,0,0,0,0,0,Thomas Haden Church, Josh Wiggins, Luke Kleintank,0
David Gordon Green,102,0,1,0,0,1,0,0,0,1,0,0,0,0,0,0,0,0,0,0,0,Danny McBride, Natalie Portman, James Franco,0
Steven Quale,92,0,0,0,0,0,0,0,0,0,0,1,0,0,0,0,0,0,1,0,0,Nicholas D'Agosto, Emma Bell, Arlen Escarpeta,0
Shana Feste,104,0,0,0,0,0,0,1,0,0,0,0,0,0,0,1,0,0,0,0,0,Gabriella Wilde, Alex Pettyfer, Bruce Greenwood,0
Patrick Tatopoulos,92,1,1,0,0,0,0,0,0,1,0,0,0,0,0,0,0,0,0,0,0,Rhona Mitra, Michael Sheen, Bill Nighy,0
Aamir Khan,165,0,0,0,0,0,0,1,1,0,0,0,1,0,0,0,0,0,0,0,0,Darsheel Safary, Aamir Khan, Tanay Chheda,0
Paul W.S. Anderson,97,1,1,0,0,0,0,0,0,0,0,1,0,0,0,0,0,0,0,0,0,Milla Jovovich, Ali Larter, Wentworth Miller,0
Nima Nourizadeh,88,0,0,0,0,1,0,0,0,0,0,0,0,0,0,0,0,0,0,0,0,Thomas Mann, Oliver Cooper, Jonathan Daniel Brown,0
Eli Roth,94,0,0,0,0,0,0,0,0,0,0,1,0,0,0,0,0,0,0,0,0,Lauren German, Heather Matarazzo, Bijou Phillips,0
Jon M. Chu,98,0,0,0,0,0,0,1,0,0,0,0,1,0,0,1,0,0,0,0,0,Robert Hoffman, Briana Evigan, Cassie Ventura,0
Barry Sonnenfeld,87,0,0,0,0,1,0,0,1,1,0,0,0,0,0,0,0,0,0,0,0,Kevin Spacey, Jennifer Garner, Robbie Amell,0
